{"v":"5.7.3","fr":60,"ip":0,"op":181,"w":1000,"h":1000,"nm":"Comp 1","ddd":1,"assets":[],"layers":[{"ddd":1,"ind":1,"ty":4,"nm":"3079 [Converted] Outlines 3","sr":1,"ks":{"o":{"a":1,"k":[{"i":{"x":[0.667],"y":[1]},"o":{"x":[0.333],"y":[0]},"t":0,"s":[0]},{"i":{"x":[0.667],"y":[1]},"o":{"x":[0.333],"y":[0]},"t":6,"s":[100]},{"i":{"x":[0.667],"y":[1]},"o":{"x":[0.333],"y":[0]},"t":164,"s":[100]},{"t":177,"s":[0]}],"ix":11},"rx":{"a":1,"k":[{"i":{"x":[0.277],"y":[0.915]},"o":{"x":[0.013],"y":[0.513]},"t":0,"s":[53.738]},{"i":{"x":[0.797],"y":[0.367]},"o":{"x":[0.622],"y":[0.042]},"t":110,"s":[0]},{"t":180,"s":[-60]}],"ix":8},"ry":{"a":0,"k":0,"ix":9},"rz":{"a":1,"k":[{"i":{"x":[0.292],"y":[1]},"o":{"x":[0.101],"y":[0.758]},"t":0,"s":[40.649]},{"i":{"x":[0.857],"y":[0.172]},"o":{"x":[0.36],"y":[-0.034]},"t":105,"s":[7.652]},{"t":180,"s":[0]}],"ix":10},"or":{"a":0,"k":[0,0,0],"ix":7},"p":{"s":true,"x":{"a":1,"k":[{"i":{"x":[0.611],"y":[0.802]},"o":{"x":[0.145],"y":[0.355]},"t":0,"s":[276]},{"i":{"x":[0.744],"y":[0.869]},"o":{"x":[0.163],"y":[0.456]},"t":24,"s":[416.629]},{"i":{"x":[0.835],"y":[0.296]},"o":{"x":[0.235],"y":[0.209]},"t":70,"s":[465.708]},{"i":{"x":[0.993],"y":[0.932]},"o":{"x":[0.3],"y":[0.237]},"t":145,"s":[511.806]},{"t":180,"s":[628]}],"ix":3},"y":{"a":1,"k":[{"i":{"x":[0.513],"y":[0.878]},"o":{"x":[0.006],"y":[0.116]},"t":0,"s":[842]},{"i":{"x":[0.762],"y":[0.898]},"o":{"x":[0.253],"y":[0.259]},"t":29,"s":[598.233]},{"i":{"x":[0.771],"y":[0.153]},"o":{"x":[0.324],"y":[0.23]},"t":70,"s":[513.867]},{"i":{"x":[0.993],"y":[0.861]},"o":{"x":[0.345],"y":[0.196]},"t":145,"s":[420.43]},{"t":180,"s":[136]}],"ix":4},"z":{"a":1,"k":[{"i":{"x":[0.833],"y":[1]},"o":{"x":[0.006],"y":[0]},"t":0,"s":[0]},{"i":{"x":[0.833],"y":[0.833]},"o":{"x":[0.167],"y":[0.167]},"t":30,"s":[0]},{"i":{"x":[0.833],"y":[0.833]},"o":{"x":[0.167],"y":[0.167]},"t":70,"s":[0]},{"i":{"x":[0.993],"y":[1]},"o":{"x":[0.167],"y":[0]},"t":145,"s":[0]},{"t":180,"s":[0]}],"ix":5}},"a":{"a":0,"k":[358,113.5,0],"ix":1},"s":{"a":1,"k":[{"i":{"x":[0.12,0.12,0.833],"y":[0.952,0.952,1]},"o":{"x":[0.167,0.167,0.167],"y":[0.167,0.167,0.167]},"t":0,"s":[0,0,0]},{"i":{"x":[0.833,0.833,0.833],"y":[1,1,1]},"o":{"x":[0.183,0.183,0.167],"y":[0.779,0.779,0]},"t":32,"s":[351.114,351.114,100]},{"i":{"x":[0.833,0.833,0.833],"y":[0.833,0.833,0.833]},"o":{"x":[1,1,1],"y":[0,0,0]},"t":95,"s":[360,360,100]},{"t":180,"s":[165.79,165.79,59]}],"ix":6}},"ao":0,"shapes":[{"ty":"gr","it":[{"ty":"gr","it":[{"ind":0,"ty":"sh","ix":1,"ks":{"a":1,"k":[{"i":{"x":0.833,"y":0.833},"o":{"x":0.87,"y":0},"t":8,"s":[{"i":[[0.191,0.033],[-11.306,-13.849],[-0.629,0.1],[0.459,1.166],[43.461,15.092]],"o":[[-0.333,-0.067],[0.31,0.322],[11.083,-3.393],[0,0],[-49.711,-17.263]],"v":[[-41.433,-41.394],[-15.69,1.201],[9.305,9.594],[53.91,-8.088],[8.785,-30.732]],"c":true}]},{"i":{"x":0.833,"y":0.833},"o":{"x":0.167,"y":0.167},"t":16,"s":[{"i":[[0.191,0.033],[-13.694,-5.939],[-2.801,-0.779],[0.459,1.166],[43.461,15.092]],"o":[[-0.333,-0.067],[2.667,1.157],[15.352,4.27],[0,0],[-49.711,-17.263]],"v":[[-41.433,-41.394],[-0.506,-23.223],[7.641,-20.111],[53.91,-8.088],[8.785,-30.732]],"c":true}]},{"i":{"x":0.13,"y":1},"o":{"x":0.167,"y":0.167},"t":168,"s":[{"i":[[0.191,0.033],[-13.694,-5.939],[-2.801,-0.779],[0.459,1.166],[43.461,15.092]],"o":[[-0.333,-0.067],[2.667,1.157],[15.352,4.27],[0,0],[-49.711,-17.263]],"v":[[-41.433,-41.394],[-0.506,-23.223],[7.641,-20.111],[53.91,-8.088],[8.785,-30.732]],"c":true}]},{"t":177,"s":[{"i":[[0.191,0.033],[-11.306,-13.849],[-0.629,0.1],[0.459,1.166],[43.461,15.092]],"o":[[-0.333,-0.067],[0.31,0.322],[11.083,-3.393],[0,0],[-49.711,-17.263]],"v":[[-41.433,-41.394],[-15.69,1.201],[9.305,9.594],[53.91,-8.088],[8.785,-30.732]],"c":true}]}],"ix":2},"nm":"Path 2","mn":"ADBE Vector Shape - Group","hd":false},{"ty":"gf","o":{"a":0,"k":100,"ix":10},"r":1,"bm":0,"g":{"p":3,"k":{"a":0,"k":[0,0.996,0.067,0.494,0.5,0.871,0.086,0.525,1,0.745,0.106,0.557],"ix":9}},"s":{"a":0,"k":[8.924,-28.356],"ix":5},"e":{"a":0,"k":[-17.48,31.398],"ix":6},"t":1,"nm":"Gradient Fill 1","mn":"ADBE Vector Graphic - G-Fill","hd":false},{"ind":2,"ty":"sh","ix":3,"ks":{"a":1,"k":[{"i":{"x":0.833,"y":0.833},"o":{"x":0.87,"y":0},"t":8,"s":[{"i":[[0.191,0.033],[-11.306,-13.849],[-0.629,0.1],[0.459,1.166],[43.461,15.092]],"o":[[-0.333,-0.067],[0.31,0.322],[11.083,-3.393],[0,0],[-49.711,-17.263]],"v":[[-41.433,-41.394],[-16.671,1.912],[9.613,10.844],[53.91,-8.088],[8.785,-30.732]],"c":true}]},{"i":{"x":0.833,"y":0.833},"o":{"x":0.167,"y":0.167},"t":16,"s":[{"i":[[0.191,0.033],[-13.399,-6.114],[-3.264,-0.85],[0.459,1.166],[43.461,15.092]],"o":[[-0.333,-0.067],[3.069,1.4],[15.228,3.965],[0,0],[-49.711,-17.263]],"v":[[-41.433,-41.394],[-1.488,-22.512],[7.95,-18.86],[53.91,-8.088],[8.785,-30.732]],"c":true}]},{"i":{"x":0.13,"y":1},"o":{"x":0.167,"y":0.167},"t":168,"s":[{"i":[[0.191,0.033],[-13.399,-6.114],[-3.264,-0.85],[0.459,1.166],[43.461,15.092]],"o":[[-0.333,-0.067],[3.069,1.4],[15.228,3.965],[0,0],[-49.711,-17.263]],"v":[[-41.433,-41.394],[-1.488,-22.512],[7.95,-18.86],[53.91,-8.088],[8.785,-30.732]],"c":true}]},{"t":177,"s":[{"i":[[0.191,0.033],[-11.306,-13.849],[-0.629,0.1],[0.459,1.166],[43.461,15.092]],"o":[[-0.333,-0.067],[0.31,0.322],[11.083,-3.393],[0,0],[-49.711,-17.263]],"v":[[-41.433,-41.394],[-16.671,1.912],[9.613,10.844],[53.91,-8.088],[8.785,-30.732]],"c":true}]}],"ix":2},"nm":"Path 3","mn":"ADBE Vector Shape - Group","hd":false},{"ty":"fl","c":{"a":0,"k":[0.662745118141,0.047058828175,0.466666698456,1],"ix":4},"o":{"a":0,"k":100,"ix":5},"r":1,"bm":0,"nm":"Fill 1","mn":"ADBE Vector Graphic - Fill","hd":false},{"ty":"tr","p":{"a":0,"k":[353.341,150.999],"ix":2},"a":{"a":0,"k":[0,0],"ix":1},"s":{"a":0,"k":[100,100],"ix":3},"r":{"a":0,"k":0,"ix":6},"o":{"a":1,"k":[{"i":{"x":[0.667],"y":[1]},"o":{"x":[0.333],"y":[0]},"t":16,"s":[100]},{"i":{"x":[0.667],"y":[1]},"o":{"x":[0.333],"y":[0]},"t":17,"s":[0]},{"i":{"x":[0.667],"y":[1]},"o":{"x":[0.333],"y":[0]},"t":167,"s":[0]},{"t":168,"s":[100]}],"ix":7},"sk":{"a":0,"k":0,"ix":4},"sa":{"a":0,"k":0,"ix":5},"nm":"Transform"}],"nm":"Group 1","np":4,"cix":2,"bm":0,"ix":1,"mn":"ADBE Vector Group","hd":false},{"ty":"gr","it":[{"ty":"gr","it":[{"ind":0,"ty":"sh","ix":1,"ks":{"a":0,"k":{"i":[[0,0],[0.89,-5.495],[0,0]],"o":[[0,0],[0,0],[0,0]],"v":[[-6.097,-8.46],[-1.01,6.4],[6.096,8.46]],"c":true},"ix":2},"nm":"Path 4","mn":"ADBE Vector Shape - Group","hd":false},{"ty":"tr","p":{"a":0,"k":[0,0],"ix":2},"a":{"a":0,"k":[0,0],"ix":1},"s":{"a":0,"k":[100,100],"ix":3},"r":{"a":0,"k":0,"ix":6},"o":{"a":0,"k":100,"ix":7},"sk":{"a":0,"k":0,"ix":4},"sa":{"a":0,"k":0,"ix":5},"nm":"Transform"}],"nm":"Group 1","np":1,"cix":2,"bm":0,"ix":1,"mn":"ADBE Vector Group","hd":false},{"ty":"fl","c":{"a":0,"k":[0.705882370472,0.090196080506,0.478431403637,1],"ix":4},"o":{"a":0,"k":50,"ix":5},"r":1,"bm":0,"nm":"Fill 1","mn":"ADBE Vector Graphic - Fill","hd":false},{"ty":"tr","p":{"a":0,"k":[379.173,183.722],"ix":2},"a":{"a":0,"k":[0,0],"ix":1},"s":{"a":0,"k":[100,100],"ix":3},"r":{"a":0,"k":0,"ix":6},"o":{"a":0,"k":100,"ix":7},"sk":{"a":0,"k":0,"ix":4},"sa":{"a":0,"k":0,"ix":5},"nm":"Transform"}],"nm":"Group 21","np":2,"cix":2,"bm":0,"ix":2,"mn":"ADBE Vector Group","hd":false},{"ty":"gr","it":[{"ty":"gr","it":[{"ind":0,"ty":"sh","ix":1,"ks":{"a":0,"k":{"i":[[0,0],[0.485,-3.744],[0,0]],"o":[[0,0],[0,0],[0,0]],"v":[[9.917,-4.478],[-1.853,4.478],[-9.917,1.439]],"c":true},"ix":2},"nm":"Path 4","mn":"ADBE Vector Shape - Group","hd":false},{"ty":"tr","p":{"a":0,"k":[0,0],"ix":2},"a":{"a":0,"k":[0,0],"ix":1},"s":{"a":0,"k":[100,100],"ix":3},"r":{"a":0,"k":0,"ix":6},"o":{"a":0,"k":100,"ix":7},"sk":{"a":0,"k":0,"ix":4},"sa":{"a":0,"k":0,"ix":5},"nm":"Transform"}],"nm":"Group 1","np":1,"cix":2,"bm":0,"ix":1,"mn":"ADBE Vector Group","hd":false},{"ty":"fl","c":{"a":0,"k":[0.705882370472,0.090196080506,0.478431403637,1],"ix":4},"o":{"a":0,"k":50,"ix":5},"r":1,"bm":0,"nm":"Fill 1","mn":"ADBE Vector Graphic - Fill","hd":false},{"ty":"tr","p":{"a":0,"k":[309.076,162.318],"ix":2},"a":{"a":0,"k":[0,0],"ix":1},"s":{"a":0,"k":[100,100],"ix":3},"r":{"a":0,"k":0,"ix":6},"o":{"a":0,"k":100,"ix":7},"sk":{"a":0,"k":0,"ix":4},"sa":{"a":0,"k":0,"ix":5},"nm":"Transform"}],"nm":"Group 22","np":2,"cix":2,"bm":0,"ix":3,"mn":"ADBE Vector Group","hd":false},{"ty":"gr","it":[{"ind":0,"ty":"sh","ix":1,"ks":{"a":0,"k":{"i":[[0,0],[0,0],[0,0],[0,0]],"o":[[0,0],[0,0],[0,0],[0,0]],"v":[[-11.148,-16.676],[-10.169,-15.461],[11.418,16.676],[-11.418,-15.016]],"c":true},"ix":2},"nm":"Path 1","mn":"ADBE Vector Shape - Group","hd":false},{"ind":1,"ty":"sh","ix":2,"ks":{"a":0,"k":{"i":[[0,0],[0,0],[0,0],[0,0]],"o":[[0,0],[0,0],[0,0],[0,0]],"v":[[-35.29,-25.017],[-36.543,-24.573],[-72.699,-12.244],[-35.832,-23.45]],"c":true},"ix":2},"nm":"Path 2","mn":"ADBE Vector Shape - Group","hd":false},{"ty":"fl","c":{"a":0,"k":[0.663000009574,0.046999998654,0.46699999641,1],"ix":4},"o":{"a":0,"k":100,"ix":5},"r":1,"bm":0,"nm":"Fill 1","mn":"ADBE Vector Graphic - Fill","hd":false},{"ty":"tr","p":{"a":0,"k":[373.85,175.506],"ix":2},"a":{"a":0,"k":[0,0],"ix":1},"s":{"a":0,"k":[100,100],"ix":3},"r":{"a":0,"k":0,"ix":6},"o":{"a":0,"k":100,"ix":7},"sk":{"a":0,"k":0,"ix":4},"sa":{"a":0,"k":0,"ix":5},"nm":"Transform"}],"nm":"Group 23","np":3,"cix":2,"bm":0,"ix":4,"mn":"ADBE Vector Group","hd":false},{"ty":"gr","it":[{"ind":0,"ty":"sh","ix":1,"ks":{"a":0,"k":{"i":[[0,0],[0,0],[0,0],[0,0],[0,0],[0,0],[0,0],[0,0]],"o":[[0,0],[0,0],[0,0],[0,0],[0,0],[0,0],[0,0],[0,0]],"v":[[-48.135,-25.338],[-46.575,-25.05],[-20.828,15.337],[3.314,23.678],[46.159,7.969],[48.135,9.241],[3.046,25.338],[-21.368,16.905]],"c":true},"ix":2},"nm":"Path 1","mn":"ADBE Vector Shape - Group","hd":false},{"ty":"fl","c":{"a":0,"k":[1,0.411999990426,0.811999990426,1],"ix":4},"o":{"a":0,"k":100,"ix":5},"r":1,"bm":0,"nm":"Fill 1","mn":"ADBE Vector Graphic - Fill","hd":false},{"ty":"tr","p":{"a":0,"k":[359.388,135.152],"ix":2},"a":{"a":0,"k":[0,0],"ix":1},"s":{"a":0,"k":[100,100],"ix":3},"r":{"a":0,"k":0,"ix":6},"o":{"a":0,"k":100,"ix":7},"sk":{"a":0,"k":0,"ix":4},"sa":{"a":0,"k":0,"ix":5},"nm":"Transform"}],"nm":"Group 26","np":2,"cix":2,"bm":0,"ix":5,"mn":"ADBE Vector Group","hd":false},{"ty":"gr","it":[{"ty":"gr","it":[{"ind":0,"ty":"sh","ix":1,"ks":{"a":0,"k":{"i":[[0,0],[0,0],[0,0],[0,0],[0,0],[0,0]],"o":[[40.388,15.515],[11.02,-18.281],[0,0],[0,0],[0,0],[-9.07,23.983]],"v":[[-54.182,12.758],[31.923,41.185],[54.182,-6.606],[9.092,9.491],[-15.323,1.058],[-42.09,-41.185]],"c":true},"ix":2},"nm":"Path 2","mn":"ADBE Vector Shape - Group","hd":false},{"ty":"gf","o":{"a":0,"k":100,"ix":10},"r":1,"bm":0,"g":{"p":3,"k":{"a":0,"k":[0,0.996,0.067,0.494,0.5,0.871,0.086,0.525,1,0.745,0.106,0.557],"ix":9}},"s":{"a":0,"k":[-1.944,-1.944],"ix":5},"e":{"a":0,"k":[-16.944,38.333],"ix":6},"t":1,"nm":"Gradient Fill 1","mn":"ADBE Vector Graphic - G-Fill","hd":false},{"ty":"tr","p":{"a":0,"k":[0,0],"ix":2},"a":{"a":0,"k":[0,0],"ix":1},"s":{"a":0,"k":[100,100],"ix":3},"r":{"a":0,"k":0,"ix":6},"o":{"a":0,"k":100,"ix":7},"sk":{"a":0,"k":0,"ix":4},"sa":{"a":0,"k":0,"ix":5},"nm":"Transform"}],"nm":"Group 1","np":2,"cix":2,"bm":0,"ix":1,"mn":"ADBE Vector Group","hd":false},{"ty":"tr","p":{"a":0,"k":[353.341,150.999],"ix":2},"a":{"a":0,"k":[0,0],"ix":1},"s":{"a":0,"k":[100,100],"ix":3},"r":{"a":0,"k":0,"ix":6},"o":{"a":0,"k":100,"ix":7},"sk":{"a":0,"k":0,"ix":4},"sa":{"a":0,"k":0,"ix":5},"nm":"Transform"}],"nm":"Group 27","np":1,"cix":2,"bm":0,"ix":6,"mn":"ADBE Vector Group","hd":false},{"ty":"tr","p":{"a":0,"k":[345.926,153.618],"ix":2},"a":{"a":0,"k":[345.926,153.618],"ix":1},"s":{"a":0,"k":[100,100],"ix":3},"r":{"a":0,"k":0,"ix":6},"o":{"a":0,"k":100,"ix":7},"sk":{"a":0,"k":0,"ix":4},"sa":{"a":0,"k":0,"ix":5},"nm":"Transform"}],"nm":"email 2","np":6,"cix":2,"bm":0,"ix":1,"mn":"ADBE Vector Group","hd":false},{"ty":"gr","it":[{"ty":"gr","it":[{"ind":0,"ty":"sh","ix":1,"ks":{"a":0,"k":{"i":[[0,0],[0,0],[0,0],[0,0]],"o":[[0,0],[0,0],[0,0],[0,0]],"v":[[-6.82,-0.396],[6.977,-2.66],[6.518,2.657],[-6.977,2.66]],"c":true},"ix":2},"nm":"Path 1","mn":"ADBE Vector Shape - Group","hd":false},{"ty":"fl","c":{"a":0,"k":[0.40800000359,0.46699999641,1,1],"ix":4},"o":{"a":0,"k":100,"ix":5},"r":1,"bm":0,"nm":"Fill 1","mn":"ADBE Vector Graphic - Fill","hd":false},{"ty":"tr","p":{"a":0,"k":[444.777,50.839],"ix":2},"a":{"a":0,"k":[0,0],"ix":1},"s":{"a":0,"k":[100,100],"ix":3},"r":{"a":0,"k":0,"ix":6},"o":{"a":0,"k":100,"ix":7},"sk":{"a":0,"k":0,"ix":4},"sa":{"a":0,"k":0,"ix":5},"nm":"Transform"}],"nm":"Group 2","np":2,"cix":2,"bm":0,"ix":1,"mn":"ADBE Vector Group","hd":false},{"ty":"gr","it":[{"ind":0,"ty":"sh","ix":1,"ks":{"a":0,"k":{"i":[[0,0],[0,0],[0,0],[0,0]],"o":[[0,0],[0,0],[0,0],[0,0]],"v":[[-3.533,0.178],[2.158,-1.717],[3.533,0.806],[-3.483,1.717]],"c":true},"ix":2},"nm":"Path 1","mn":"ADBE Vector Shape - Group","hd":false},{"ty":"fl","c":{"a":0,"k":[1,0.113999998803,0.611999990426,1],"ix":4},"o":{"a":0,"k":100,"ix":5},"r":1,"bm":0,"nm":"Fill 1","mn":"ADBE Vector Graphic - Fill","hd":false},{"ty":"tr","p":{"a":0,"k":[393.973,68.38],"ix":2},"a":{"a":0,"k":[0,0],"ix":1},"s":{"a":0,"k":[100,100],"ix":3},"r":{"a":0,"k":0,"ix":6},"o":{"a":0,"k":100,"ix":7},"sk":{"a":0,"k":0,"ix":4},"sa":{"a":0,"k":0,"ix":5},"nm":"Transform"}],"nm":"Group 3","np":2,"cix":2,"bm":0,"ix":2,"mn":"ADBE Vector Group","hd":false},{"ty":"gr","it":[{"ind":0,"ty":"sh","ix":1,"ks":{"a":0,"k":{"i":[[0,0],[0,0],[0,0],[0,0]],"o":[[0,0],[0,0],[0,0],[0,0]],"v":[[1.922,4.277],[4.156,1.668],[-0.087,-4.277],[-4.156,-2.977]],"c":true},"ix":2},"nm":"Path 1","mn":"ADBE Vector Shape - Group","hd":false},{"ty":"fl","c":{"a":0,"k":[0.310000011968,0.19199999641,0.877999997606,1],"ix":4},"o":{"a":0,"k":100,"ix":5},"r":1,"bm":0,"nm":"Fill 1","mn":"ADBE Vector Graphic - Fill","hd":false},{"ty":"tr","p":{"a":0,"k":[318.767,69.575],"ix":2},"a":{"a":0,"k":[0,0],"ix":1},"s":{"a":0,"k":[100,100],"ix":3},"r":{"a":0,"k":0,"ix":6},"o":{"a":0,"k":100,"ix":7},"sk":{"a":0,"k":0,"ix":4},"sa":{"a":0,"k":0,"ix":5},"nm":"Transform"}],"nm":"Group 4","np":2,"cix":2,"bm":0,"ix":3,"mn":"ADBE Vector Group","hd":false},{"ty":"gr","it":[{"ind":0,"ty":"sh","ix":1,"ks":{"a":0,"k":{"i":[[0,0],[0,0],[0,0],[0,0]],"o":[[0,0],[0,0],[0,0],[0,0]],"v":[[-4.306,2.672],[2.751,-3.553],[4.305,-0.719],[-1.755,3.553]],"c":true},"ix":2},"nm":"Path 1","mn":"ADBE Vector Shape - Group","hd":false},{"ty":"fl","c":{"a":0,"k":[0.603999956916,0.490000017952,0.972999961703,1],"ix":4},"o":{"a":0,"k":100,"ix":5},"r":1,"bm":0,"nm":"Fill 1","mn":"ADBE Vector Graphic - Fill","hd":false},{"ty":"tr","p":{"a":0,"k":[409.215,133.548],"ix":2},"a":{"a":0,"k":[0,0],"ix":1},"s":{"a":0,"k":[100,100],"ix":3},"r":{"a":0,"k":0,"ix":6},"o":{"a":0,"k":100,"ix":7},"sk":{"a":0,"k":0,"ix":4},"sa":{"a":0,"k":0,"ix":5},"nm":"Transform"}],"nm":"Group 5","np":2,"cix":2,"bm":0,"ix":4,"mn":"ADBE Vector Group","hd":false},{"ty":"tr","p":{"a":1,"k":[{"i":{"x":0,"y":1},"o":{"x":0.167,"y":0.167},"t":6,"s":[343.65,172.428],"to":[0,-1.333],"ti":[0,1.333]},{"t":157,"s":[343.65,164.428]}],"ix":2},"a":{"a":0,"k":[343.65,164.428],"ix":1},"s":{"a":1,"k":[{"i":{"x":[0,0],"y":[1,1]},"o":{"x":[0.167,0.167],"y":[0.167,0.167]},"t":6,"s":[0,0]},{"t":157,"s":[100,100]}],"ix":3},"r":{"a":1,"k":[{"i":{"x":[0],"y":[1]},"o":{"x":[0.167],"y":[0]},"t":6,"s":[0]},{"t":157,"s":[0]}],"ix":6},"o":{"a":1,"k":[{"i":{"x":[0.833],"y":[1]},"o":{"x":[0.333],"y":[0]},"t":149,"s":[100]},{"t":163,"s":[0]}],"ix":7},"sk":{"a":0,"k":0,"ix":4},"sa":{"a":0,"k":0,"ix":5},"nm":"Transform"}],"nm":"particl","np":4,"cix":2,"bm":0,"ix":2,"mn":"ADBE Vector Group","hd":false},{"ty":"gr","it":[{"ind":0,"ty":"sh","ix":1,"ks":{"a":0,"k":{"i":[[-7.928,15.985],[0,0],[0,0]],"o":[[0,0],[0,0],[0,0]],"v":[[14.528,-5.575],[-14.529,3.811],[-11.561,4.744]],"c":true},"ix":2},"nm":"Path 1","mn":"ADBE Vector Shape - Group","hd":false},{"ty":"fl","c":{"a":0,"k":[0.386005371809,0.702485144138,0.984313726425,1],"ix":4},"o":{"a":0,"k":25,"ix":5},"r":1,"bm":0,"nm":"Fill 1","mn":"ADBE Vector Graphic - Fill","hd":false},{"ty":"gr","it":[{"ind":0,"ty":"sh","ix":1,"ks":{"a":0,"k":{"i":[[0,0],[0,0],[0,0],[2.745,-0.027]],"o":[[0,0],[20.031,5.811],[-3.313,-1.108],[-13.248,0.129]],"v":[[-14.649,3.797],[-12.158,4.547],[14.629,-5.765],[5.161,-7.879]],"c":true},"ix":2},"nm":"Path 2","mn":"ADBE Vector Shape - Group","hd":false},{"ty":"gf","o":{"a":0,"k":100,"ix":10},"r":1,"bm":0,"g":{"p":3,"k":{"a":0,"k":[0,0.259,0.525,0.945,0.5,0.337,0.396,0.894,1,0.416,0.267,0.843],"ix":9}},"s":{"a":0,"k":[3.056,-4.306],"ix":5},"e":{"a":0,"k":[18.194,-4.236],"ix":6},"t":2,"h":{"a":0,"k":0,"ix":7},"a":{"a":0,"k":0,"ix":8},"nm":"Gradient Fill 1","mn":"ADBE Vector Graphic - G-Fill","hd":false},{"ty":"tr","p":{"a":0,"k":[0,0],"ix":2},"a":{"a":0,"k":[0,0],"ix":1},"s":{"a":0,"k":[100,100],"ix":3},"r":{"a":0,"k":0,"ix":6},"o":{"a":0,"k":100,"ix":7},"sk":{"a":0,"k":0,"ix":4},"sa":{"a":0,"k":0,"ix":5},"nm":"Transform"}],"nm":"Group 1","np":2,"cix":2,"bm":0,"ix":3,"mn":"ADBE Vector Group","hd":false},{"ty":"tr","p":{"a":1,"k":[{"i":{"x":0,"y":1},"o":{"x":0.167,"y":0.167},"t":6,"s":[357.559,179.58],"to":[8,-9.667],"ti":[-8,9.667]},{"t":157,"s":[405.559,121.58]}],"ix":2},"a":{"a":0,"k":[-15.077,3.698],"ix":1},"s":{"a":1,"k":[{"i":{"x":[0,0],"y":[1,1]},"o":{"x":[0.167,0.167],"y":[0.167,0.167]},"t":6,"s":[64,64]},{"t":157,"s":[100,100]}],"ix":3},"r":{"a":1,"k":[{"i":{"x":[0.667],"y":[0.978]},"o":{"x":[0.383],"y":[0.037]},"t":5,"s":[-120.987]},{"i":{"x":[0.542],"y":[1]},"o":{"x":[0.409],"y":[-0.339]},"t":58,"s":[-10.792]},{"i":{"x":[0.581],"y":[1]},"o":{"x":[0.255],"y":[0]},"t":103,"s":[-18.304]},{"t":157,"s":[0]}],"ix":6},"o":{"a":1,"k":[{"i":{"x":[0.667],"y":[1]},"o":{"x":[0.333],"y":[0]},"t":149,"s":[100]},{"t":163,"s":[0]}],"ix":7},"sk":{"a":0,"k":0,"ix":4},"sa":{"a":0,"k":0,"ix":5},"nm":"Transform"}],"nm":"leaf 03","np":3,"cix":2,"bm":0,"ix":3,"mn":"ADBE Vector Group","hd":false},{"ty":"gr","it":[{"ty":"gr","it":[{"ind":0,"ty":"sh","ix":1,"ks":{"a":0,"k":{"i":[[0,0],[0.302,-1.025],[0.322,-1.195],[0.329,-1.347],[0.332,-1.469],[0.232,0.016],[0.223,0.001],[0.163,-0.029],[-0.266,0.828],[-0.259,0.879],[-0.237,0.887],[-0.199,0.82],[-0.147,0.7],[-0.073,0.511]],"o":[[-0.27,0.825],[-0.302,1.023],[-0.323,1.193],[-0.33,1.345],[-0.25,-0.021],[-0.201,-0.012],[-0.223,-0.001],[0.257,-0.687],[0.265,-0.828],[0.258,-0.879],[0.238,-0.888],[0.198,-0.818],[0.148,-0.701],[0,0]],"v":[[2.783,-7.124],[1.926,-4.35],[0.988,-1.023],[0.009,2.788],[-0.984,7.012],[-1.708,6.956],[-2.344,6.934],[-2.923,6.977],[-2.141,4.704],[-1.355,2.143],[-0.613,-0.505],[0.042,-3.068],[0.56,-5.346],[0.891,-7.165]],"c":true},"ix":2},"nm":"Path 3","mn":"ADBE Vector Shape - Group","hd":false},{"ind":1,"ty":"sh","ix":2,"ks":{"a":0,"k":{"i":[[-0.088,-0.641],[0.066,-0.475],[0.177,-0.33],[0.273,-0.184],[0.328,-0.044],[0.315,0.102],[0.26,0.267],[0.192,0.445],[0.088,0.641],[-0.066,0.478],[-0.18,0.316],[-0.281,0.166],[-0.329,0.045],[-0.311,-0.095],[-0.259,-0.261],[-0.191,-0.44]],"o":[[0.086,0.633],[-0.068,0.474],[-0.178,0.331],[-0.273,0.185],[-0.329,0.045],[-0.317,-0.098],[-0.259,-0.268],[-0.192,-0.442],[-0.091,-0.672],[0.066,-0.48],[0.179,-0.315],[0.279,-0.165],[0.328,-0.044],[0.312,0.098],[0.259,0.264],[0.191,0.439]],"v":[[-0.698,-3.939],[-0.668,-2.277],[-1.035,-1.07],[-1.712,-0.298],[-2.615,0.046],[-3.581,-0.038],[-4.444,-0.587],[-5.12,-1.654],[-5.539,-3.279],[-5.577,-5.005],[-5.208,-6.195],[-4.518,-6.917],[-3.607,-7.232],[-2.647,-7.154],[-1.792,-6.615],[-1.116,-5.559]],"c":true},"ix":2},"nm":"Path 5","mn":"ADBE Vector Shape - Group","hd":false},{"ind":2,"ty":"sh","ix":3,"ks":{"a":0,"k":{"i":[[0.122,0.899],[0.207,0.381],[0.219,-0.03],[0.085,-0.099],[0.042,-0.213],[-0.007,-0.333],[-0.065,-0.476],[-0.209,-0.394],[-0.227,0.031],[-0.091,0.438]],"o":[[-0.124,-0.907],[-0.207,-0.383],[-0.117,0.016],[-0.087,0.099],[-0.043,0.212],[0.005,0.334],[0.124,0.906],[0.209,0.392],[0.227,-0.031],[0.091,-0.439]],"v":[[-2.327,-3.717],[-2.824,-5.648],[-3.464,-6.178],[-3.767,-6.003],[-3.961,-5.536],[-4.016,-4.717],[-3.91,-3.501],[-3.411,-1.551],[-2.758,-1.008],[-2.281,-1.712]],"c":true},"ix":2},"nm":"Path 4","mn":"ADBE Vector Shape - Group","hd":false},{"ind":3,"ty":"sh","ix":4,"ks":{"a":0,"k":{"i":[[-0.088,-0.64],[0.066,-0.478],[0.178,-0.327],[0.278,-0.182],[0.328,-0.045],[0.316,0.101],[0.258,0.264],[0.192,0.444],[0.087,0.641],[-0.065,0.479],[-0.181,0.316],[-0.279,0.169],[-0.328,0.045],[-0.316,-0.096],[-0.259,-0.264],[-0.192,-0.439]],"o":[[0.086,0.633],[-0.067,0.479],[-0.178,0.327],[-0.278,0.181],[-0.328,0.044],[-0.316,-0.1],[-0.259,-0.263],[-0.192,-0.443],[-0.091,-0.663],[0.067,-0.478],[0.179,-0.314],[0.279,-0.169],[0.328,-0.044],[0.316,0.096],[0.258,0.262],[0.191,0.44]],"v":[[5.548,3.255],[5.578,4.923],[5.211,6.132],[4.526,6.893],[3.617,7.232],[2.651,7.148],[1.789,6.604],[1.113,5.544],[0.694,3.917],[0.658,2.204],[1.027,1.012],[1.716,0.286],[2.626,-0.036],[3.592,0.042],[4.454,0.583],[5.13,1.635]],"c":true},"ix":2},"nm":"Path 2","mn":"ADBE Vector Shape - Group","hd":false},{"ind":4,"ty":"sh","ix":5,"ks":{"a":0,"k":{"i":[[0.124,0.907],[0.204,0.386],[0.227,-0.03],[0.084,-0.104],[0.043,-0.213],[-0.005,-0.33],[-0.064,-0.476],[-0.208,-0.385],[-0.227,0.031],[-0.093,0.431]],"o":[[-0.122,-0.897],[-0.204,-0.385],[-0.117,0.017],[-0.086,0.102],[-0.042,0.212],[0.005,0.329],[0.125,0.915],[0.208,0.387],[0.227,-0.031],[0.093,-0.432]],"v":[[3.906,3.479],[3.417,1.553],[2.771,1.02],[2.467,1.199],[2.275,1.673],[2.219,2.488],[2.324,3.695],[2.823,5.645],[3.474,6.178],[3.953,5.486]],"c":true},"ix":2},"nm":"Path 1","mn":"ADBE Vector Shape - Group","hd":false},{"ty":"fl","c":{"a":0,"k":[1,1,1,1],"ix":4},"o":{"a":0,"k":100,"ix":5},"r":1,"bm":0,"nm":"Fill 1","mn":"ADBE Vector Graphic - Fill","hd":false},{"ty":"tr","p":{"a":0,"k":[332.803,44.971],"ix":2},"a":{"a":0,"k":[0,0],"ix":1},"s":{"a":0,"k":[100,100],"ix":3},"r":{"a":0,"k":0,"ix":6},"o":{"a":0,"k":100,"ix":7},"sk":{"a":0,"k":0,"ix":4},"sa":{"a":0,"k":0,"ix":5},"nm":"Transform"}],"nm":"Group 8","np":6,"cix":2,"bm":0,"ix":1,"mn":"ADBE Vector Group","hd":false},{"ty":"gr","it":[{"ty":"gr","it":[{"ind":0,"ty":"sh","ix":1,"ks":{"a":0,"k":{"i":[[0,0],[0,0],[0,0],[0,0]],"o":[[0,0],[0,0],[0,0],[0,0]],"v":[[-12.777,1.231],[-9.961,2.252],[11.466,-0.668],[12.777,-2.252]],"c":true},"ix":2},"nm":"Path 2","mn":"ADBE Vector Shape - Group","hd":false},{"ty":"tr","p":{"a":0,"k":[0,0],"ix":2},"a":{"a":0,"k":[0,0],"ix":1},"s":{"a":0,"k":[100,100],"ix":3},"r":{"a":0,"k":0,"ix":6},"o":{"a":0,"k":100,"ix":7},"sk":{"a":0,"k":0,"ix":4},"sa":{"a":0,"k":0,"ix":5},"nm":"Transform"}],"nm":"Group 1","np":1,"cix":2,"bm":0,"ix":1,"mn":"ADBE Vector Group","hd":false},{"ty":"gf","o":{"a":0,"k":100,"ix":10},"r":1,"bm":0,"g":{"p":3,"k":{"a":0,"k":[0,0.714,0.051,0.439,0.5,0.573,0.031,0.375,1,0.431,0.012,0.31],"ix":9}},"s":{"a":0,"k":[-10.347,1.528],"ix":5},"e":{"a":0,"k":[10.625,-1.25],"ix":6},"t":1,"nm":"Gradient Fill 1","mn":"ADBE Vector Graphic - G-Fill","hd":false},{"ty":"tr","p":{"a":0,"k":[334.697,57.426],"ix":2},"a":{"a":0,"k":[0,0],"ix":1},"s":{"a":0,"k":[100,100],"ix":3},"r":{"a":0,"k":0,"ix":6},"o":{"a":0,"k":100,"ix":7},"sk":{"a":0,"k":0,"ix":4},"sa":{"a":0,"k":0,"ix":5},"nm":"Transform"}],"nm":"Group 9","np":2,"cix":2,"bm":0,"ix":2,"mn":"ADBE Vector Group","hd":false},{"ty":"gr","it":[{"ty":"gr","it":[{"ind":0,"ty":"sh","ix":1,"ks":{"a":0,"k":{"i":[[11.186,-2.489],[-3.076,-8.987],[0,0],[2.188,10.143]],"o":[[0.966,9.877],[0,0],[0.753,-8.595],[-10.679,0.541]],"v":[[-15.668,-10.51],[-10.638,14.434],[14.915,10.951],[13.104,-14.434]],"c":true},"ix":2},"nm":"Path 2","mn":"ADBE Vector Shape - Group","hd":false},{"ty":"tr","p":{"a":0,"k":[0,0],"ix":2},"a":{"a":0,"k":[0,0],"ix":1},"s":{"a":0,"k":[100,100],"ix":3},"r":{"a":0,"k":0,"ix":6},"o":{"a":0,"k":100,"ix":7},"sk":{"a":0,"k":0,"ix":4},"sa":{"a":0,"k":0,"ix":5},"nm":"Transform"}],"nm":"Group 1","np":1,"cix":2,"bm":0,"ix":1,"mn":"ADBE Vector Group","hd":false},{"ty":"gf","o":{"a":0,"k":100,"ix":10},"r":1,"bm":0,"g":{"p":3,"k":{"a":0,"k":[0,0.749,0.098,0.549,0.5,0.873,0.082,0.522,1,0.996,0.067,0.494],"ix":9}},"s":{"a":0,"k":[6.736,11.667],"ix":5},"e":{"a":0,"k":[2.153,-12.986],"ix":6},"t":1,"nm":"Gradient Fill 1","mn":"ADBE Vector Graphic - G-Fill","hd":false},{"ty":"tr","p":{"a":0,"k":[332.559,44.223],"ix":2},"a":{"a":0,"k":[0,0],"ix":1},"s":{"a":0,"k":[100,100],"ix":3},"r":{"a":0,"k":0,"ix":6},"o":{"a":0,"k":100,"ix":7},"sk":{"a":0,"k":0,"ix":4},"sa":{"a":0,"k":0,"ix":5},"nm":"Transform"}],"nm":"Group 10","np":2,"cix":2,"bm":0,"ix":3,"mn":"ADBE Vector Group","hd":false},{"ty":"tr","p":{"a":1,"k":[{"i":{"x":0.567,"y":0.57},"o":{"x":0.167,"y":0.167},"t":6,"s":[333.591,163.454],"to":[-0.674,-10.191],"ti":[1.873,25.783]},{"i":{"x":0.318,"y":1},"o":{"x":0.101,"y":0.523},"t":26,"s":[338.156,102.837],"to":[-2.293,-31.563],"ti":[0,10.549]},{"t":157,"s":[324.591,27.454]}],"ix":2},"a":{"a":0,"k":[333.591,48.454],"ix":1},"s":{"a":1,"k":[{"i":{"x":[0,0],"y":[1,1]},"o":{"x":[0.167,0.167],"y":[0.167,0.167]},"t":6,"s":[50,50]},{"t":157,"s":[100,100]}],"ix":3},"r":{"a":1,"k":[{"i":{"x":[0.445],"y":[0.599]},"o":{"x":[0.167],"y":[0.167]},"t":6,"s":[55.781]},{"i":{"x":[0.318],"y":[1]},"o":{"x":[0.149],"y":[0.44]},"t":26,"s":[28.648]},{"t":157,"s":[-15]}],"ix":6},"o":{"a":1,"k":[{"i":{"x":[0.667],"y":[1]},"o":{"x":[0.333],"y":[0]},"t":149,"s":[100]},{"t":163,"s":[0]}],"ix":7},"sk":{"a":0,"k":0,"ix":4},"sa":{"a":0,"k":0,"ix":5},"nm":"Transform"}],"nm":"% 2","np":3,"cix":2,"bm":0,"ix":4,"mn":"ADBE Vector Group","hd":false},{"ty":"gr","it":[{"ty":"gr","it":[{"ind":0,"ty":"sh","ix":1,"ks":{"a":0,"k":{"i":[[-0.299,0.864],[0.007,0.436],[0.215,0.075],[0.124,-0.053],[0.135,-0.17],[0.145,-0.296],[0.156,-0.455],[-0.011,-0.438],[-0.216,-0.074],[-0.277,0.342]],"o":[[0.296,-0.857],[-0.008,-0.437],[-0.113,-0.039],[-0.122,0.053],[-0.134,0.171],[-0.144,0.296],[-0.302,0.872],[0.012,0.438],[0.216,0.075],[0.276,-0.342]],"v":[[1.947,4.869],[2.379,2.93],[2.044,2.163],[1.69,2.184],[1.306,2.52],[0.888,3.221],[0.437,4.348],[0.002,6.313],[0.344,7.081],[1.083,6.68]],"c":true},"ix":2},"nm":"Path 1","mn":"ADBE Vector Shape - Group","hd":false},{"ind":1,"ty":"sh","ix":2,"ks":{"a":0,"k":{"i":[[0.211,-0.611],[0.273,-0.397],[0.306,-0.212],[0.328,-0.037],[0.313,0.108],[0.235,0.232],[0.112,0.352],[-0.03,0.481],[-0.212,0.612],[-0.275,0.397],[-0.303,0.201],[-0.326,0.026],[-0.313,-0.107],[-0.238,-0.23],[-0.111,-0.351],[0.028,-0.478]],"o":[[-0.209,0.604],[-0.276,0.398],[-0.306,0.212],[-0.33,0.035],[-0.314,-0.109],[-0.238,-0.231],[-0.112,-0.352],[0.028,-0.481],[0.218,-0.633],[0.274,-0.398],[0.303,-0.199],[0.325,-0.024],[0.314,0.109],[0.237,0.228],[0.112,0.352],[-0.028,0.479]],"v":[[3.512,5.41],[2.787,6.911],[1.914,7.824],[0.961,8.197],[-0.004,8.089],[-0.828,7.577],[-1.353,6.702],[-1.477,5.451],[-1.116,3.811],[-0.376,2.266],[0.49,1.368],[1.433,1.031],[2.391,1.156],[3.218,1.661],[3.743,2.531],[3.87,3.775]],"c":true},"ix":2},"nm":"Path 2","mn":"ADBE Vector Shape - Group","hd":false},{"ind":2,"ty":"sh","ix":3,"ks":{"a":0,"k":{"i":[[-0.296,0.857],[0.013,0.435],[0.209,0.072],[0.122,-0.05],[0.134,-0.171],[0.144,-0.299],[0.157,-0.455],[-0.008,-0.445],[-0.216,-0.074],[-0.278,0.35]],"o":[[0.298,-0.865],[-0.012,-0.433],[-0.111,-0.039],[-0.121,0.05],[-0.134,0.171],[-0.147,0.3],[-0.299,0.865],[0.01,0.446],[0.216,0.076],[0.281,-0.349]],"v":[[-0.37,-4.365],[0.059,-6.314],[-0.273,-7.072],[-0.623,-7.057],[-1.006,-6.725],[-1.425,-6.02],[-1.88,-4.887],[-2.315,-2.923],[-1.977,-2.143],[-1.234,-2.555]],"c":true},"ix":2},"nm":"Path 3","mn":"ADBE Vector Shape - Group","hd":false},{"ind":3,"ty":"sh","ix":4,"ks":{"a":0,"k":{"i":[[0.212,-0.612],[0.274,-0.394],[0.307,-0.215],[0.329,-0.041],[0.313,0.108],[0.238,0.232],[0.111,0.355],[-0.03,0.482],[-0.211,0.611],[-0.275,0.397],[-0.302,0.2],[-0.324,0.021],[-0.313,-0.109],[-0.234,-0.227],[-0.113,-0.352],[0.028,-0.479]],"o":[[-0.208,0.603],[-0.274,0.393],[-0.309,0.216],[-0.326,0.042],[-0.313,-0.108],[-0.237,-0.232],[-0.111,-0.355],[0.028,-0.483],[0.222,-0.641],[0.275,-0.397],[0.303,-0.199],[0.325,-0.022],[0.313,0.107],[0.236,0.226],[0.112,0.351],[-0.027,0.479]],"v":[[1.183,-3.829],[0.461,-2.333],[-0.411,-1.421],[-1.365,-1.036],[-2.324,-1.135],[-3.149,-1.646],[-3.671,-2.527],[-3.793,-3.784],[-3.434,-5.424],[-2.689,-6.982],[-1.823,-7.878],[-0.882,-8.21],[0.074,-8.079],[0.895,-7.577],[1.416,-6.708],[1.542,-5.464]],"c":true},"ix":2},"nm":"Path 4","mn":"ADBE Vector Shape - Group","hd":false},{"ind":4,"ty":"sh","ix":5,"ks":{"a":0,"k":{"i":[[0,0],[0.733,-0.777],[0.827,-0.92],[0.902,-1.053],[0.961,-1.161],[0.2,0.119],[0.2,0.101],[0.16,0.047],[-0.61,0.619],[-0.628,0.667],[-0.613,0.686],[-0.547,0.642],[-0.449,0.559],[-0.296,0.423]],"o":[[-0.612,0.616],[-0.731,0.778],[-0.826,0.92],[-0.901,1.053],[-0.212,-0.132],[-0.174,-0.101],[-0.198,-0.102],[0.538,-0.498],[0.61,-0.619],[0.627,-0.668],[0.612,-0.685],[0.547,-0.642],[0.446,-0.559],[0,0]],"v":[[5.728,-5.1],[3.711,-3.012],[1.374,-0.465],[-1.219,2.493],[-4.013,5.814],[-4.632,5.438],[-5.191,5.132],[-5.727,4.91],[-4.003,3.234],[-2.147,1.303],[-0.287,-0.728],[1.451,-2.717],[2.943,-4.516],[4.058,-5.99]],"c":true},"ix":2},"nm":"Path 5","mn":"ADBE Vector Shape - Group","hd":false},{"ty":"fl","c":{"a":0,"k":[1,1,1,1],"ix":4},"o":{"a":0,"k":100,"ix":5},"r":1,"bm":0,"nm":"Fill 1","mn":"ADBE Vector Graphic - Fill","hd":false},{"ty":"tr","p":{"a":0,"k":[406.862,37.221],"ix":2},"a":{"a":0,"k":[0,0],"ix":1},"s":{"a":0,"k":[100,100],"ix":3},"r":{"a":0,"k":0,"ix":6},"o":{"a":0,"k":100,"ix":7},"sk":{"a":0,"k":0,"ix":4},"sa":{"a":0,"k":0,"ix":5},"nm":"Transform"}],"nm":"Group 11","np":6,"cix":2,"bm":0,"ix":1,"mn":"ADBE Vector Group","hd":false},{"ty":"gr","it":[{"ty":"gr","it":[{"ind":0,"ty":"sh","ix":1,"ks":{"a":0,"k":{"i":[[0,0],[0,0],[0,0],[0,0]],"o":[[0,0],[0,0],[0,0],[0,0]],"v":[[-10.136,-2.439],[10.303,4.622],[12.188,3.801],[-12.188,-4.622]],"c":true},"ix":2},"nm":"Path 2","mn":"ADBE Vector Shape - Group","hd":false},{"ty":"tr","p":{"a":0,"k":[0,0],"ix":2},"a":{"a":0,"k":[0,0],"ix":1},"s":{"a":0,"k":[100,100],"ix":3},"r":{"a":0,"k":0,"ix":6},"o":{"a":0,"k":100,"ix":7},"sk":{"a":0,"k":0,"ix":4},"sa":{"a":0,"k":0,"ix":5},"nm":"Transform"}],"nm":"Group 1","np":1,"cix":2,"bm":0,"ix":1,"mn":"ADBE Vector Group","hd":false},{"ty":"fl","c":{"a":0,"k":[0.270588248968,0.1882353127,0.560784339905,0.976470649242],"ix":4},"o":{"a":0,"k":100,"ix":5},"r":1,"bm":0,"nm":"Fill 1","mn":"ADBE Vector Graphic - Fill","hd":false},{"ty":"tr","p":{"a":0,"k":[403.197,49.179],"ix":2},"a":{"a":0,"k":[0,0],"ix":1},"s":{"a":0,"k":[100,100],"ix":3},"r":{"a":0,"k":0,"ix":6},"o":{"a":0,"k":100,"ix":7},"sk":{"a":0,"k":0,"ix":4},"sa":{"a":0,"k":0,"ix":5},"nm":"Transform"}],"nm":"Group 12","np":2,"cix":2,"bm":0,"ix":2,"mn":"ADBE Vector Group","hd":false},{"ty":"gr","it":[{"ty":"gr","it":[{"ind":0,"ty":"sh","ix":1,"ks":{"a":0,"k":{"i":[[1.31,-9.407],[0,0],[-2.625,10.04],[11.106,2.825]],"o":[[0,0],[4.551,-7.331],[-9.776,-4.335],[-3.596,9.25]],"v":[[-17.107,8.054],[7.269,16.476],[17.107,-6.995],[-10.341,-16.476]],"c":true},"ix":2},"nm":"Path 2","mn":"ADBE Vector Shape - Group","hd":false},{"ty":"tr","p":{"a":0,"k":[0,0],"ix":2},"a":{"a":0,"k":[0,0],"ix":1},"s":{"a":0,"k":[100,100],"ix":3},"r":{"a":0,"k":0,"ix":6},"o":{"a":0,"k":100,"ix":7},"sk":{"a":0,"k":0,"ix":4},"sa":{"a":0,"k":0,"ix":5},"nm":"Transform"}],"nm":"Group 1","np":1,"cix":2,"bm":0,"ix":1,"mn":"ADBE Vector Group","hd":false},{"ty":"gf","o":{"a":0,"k":100,"ix":10},"r":1,"bm":0,"g":{"p":3,"k":{"a":0,"k":[0,0.435,0.325,0.847,0.5,0.335,0.449,0.904,1,0.235,0.573,0.961],"ix":9}},"s":{"a":0,"k":[-5,12.222],"ix":5},"e":{"a":0,"k":[4.236,-12.083],"ix":6},"t":1,"nm":"Gradient Fill 1","mn":"ADBE Vector Graphic - G-Fill","hd":false},{"ty":"tr","p":{"a":0,"k":[408.116,36.503],"ix":2},"a":{"a":0,"k":[0,0],"ix":1},"s":{"a":0,"k":[100,100],"ix":3},"r":{"a":0,"k":0,"ix":6},"o":{"a":0,"k":100,"ix":7},"sk":{"a":0,"k":0,"ix":4},"sa":{"a":0,"k":0,"ix":5},"nm":"Transform"}],"nm":"Group 13","np":2,"cix":2,"bm":0,"ix":3,"mn":"ADBE Vector Group","hd":false},{"ty":"tr","p":{"a":1,"k":[{"i":{"x":0,"y":1},"o":{"x":0.167,"y":0.167},"t":6,"s":[346.524,168.831],"to":[9.833,-21.667],"ti":[-9.833,21.667]},{"t":157,"s":[405.524,38.831]}],"ix":2},"a":{"a":0,"k":[405.524,38.831],"ix":1},"s":{"a":1,"k":[{"i":{"x":[0,0],"y":[1,1]},"o":{"x":[0.167,0.167],"y":[0.167,0.167]},"t":6,"s":[41,41]},{"t":157,"s":[100,100]}],"ix":3},"r":{"a":1,"k":[{"i":{"x":[0.225],"y":[1]},"o":{"x":[0.105],"y":[0.538]},"t":6,"s":[-92]},{"t":157,"s":[13]}],"ix":6},"o":{"a":1,"k":[{"i":{"x":[0.667],"y":[1]},"o":{"x":[0.333],"y":[0]},"t":149,"s":[100]},{"t":163,"s":[0]}],"ix":7},"sk":{"a":0,"k":0,"ix":4},"sa":{"a":0,"k":0,"ix":5},"nm":"Transform"}],"nm":"%","np":3,"cix":2,"bm":0,"ix":5,"mn":"ADBE Vector Group","hd":false},{"ty":"gr","it":[{"ty":"gr","it":[{"ind":0,"ty":"sh","ix":1,"ks":{"a":0,"k":{"i":[[15.142,-12.175],[0,0],[-16.485,4.676],[0,0]],"o":[[0,0],[0,0],[0,0],[0,0]],"v":[[-18.616,12.717],[-18.27,7.274],[18.617,-12.718],[16.349,-8.056]],"c":true},"ix":2},"nm":"Path 1","mn":"ADBE Vector Shape - Group","hd":false},{"ty":"gf","o":{"a":0,"k":100,"ix":10},"r":1,"bm":0,"g":{"p":3,"k":{"a":0,"k":[0,0.259,0.082,0.561,0.5,0.22,0.075,0.467,1,0.18,0.067,0.373],"ix":9}},"s":{"a":0,"k":[-4.097,0.278],"ix":5},"e":{"a":0,"k":[9.375,-6.458],"ix":6},"t":2,"h":{"a":0,"k":0,"ix":7},"a":{"a":0,"k":0,"ix":8},"nm":"Gradient Fill 1","mn":"ADBE Vector Graphic - G-Fill","hd":false},{"ty":"tr","p":{"a":0,"k":[425.032,95.544],"ix":2},"a":{"a":0,"k":[0,0],"ix":1},"s":{"a":0,"k":[100,100],"ix":3},"r":{"a":0,"k":0,"ix":6},"o":{"a":0,"k":100,"ix":7},"sk":{"a":0,"k":0,"ix":4},"sa":{"a":0,"k":0,"ix":5},"nm":"Transform"}],"nm":"Group 14","np":2,"cix":2,"bm":0,"ix":1,"mn":"ADBE Vector Group","hd":false},{"ty":"gr","it":[{"ind":0,"ty":"sh","ix":1,"ks":{"a":0,"k":{"i":[[0,0],[0.145,-0.093],[0.14,-0.097],[0.083,-0.063],[0.083,-0.057],[0,0],[-0.322,0.263],[-0.343,0.32],[0,0],[0.234,-0.154],[0.229,-0.157],[0.326,-0.241],[0.341,-0.268],[0.528,0.818],[0.563,0.817],[0.551,0.758],[0.586,0.749],[-0.471,0.324],[-0.286,0.22],[-0.32,0.26],[0,0],[0.284,-0.157],[0.264,-0.182],[0,0],[-0.359,-0.556],[-0.369,-0.556],[-0.117,0.08],[-0.123,0.085],[-0.105,0.073],[-0.104,0.084]],"o":[[-0.143,0.085],[-0.142,0.092],[-0.08,0.054],[-0.082,0.064],[0,0],[0.355,-0.257],[0.323,-0.26],[0,0],[-0.252,0.161],[-0.234,0.155],[-0.343,0.237],[-0.326,0.24],[-0.523,-0.846],[-0.527,-0.82],[-0.538,-0.782],[-0.551,-0.758],[0.545,-0.317],[0.298,-0.206],[0.286,-0.22],[0,0],[-0.306,0.141],[-0.284,0.156],[0,0],[0.334,0.579],[0.361,0.554],[0.12,-0.07],[0.117,-0.08],[0.101,-0.069],[0.105,-0.072],[0,0]],"v":[[9.632,-5.803],[9.202,-5.537],[8.777,-5.253],[8.533,-5.077],[8.284,-4.896],[9.878,-2.524],[10.893,-3.302],[11.892,-4.172],[12.84,-2.795],[12.111,-2.323],[11.418,-1.855],[10.414,-1.139],[9.413,-0.377],[7.836,-2.871],[6.2,-5.326],[4.566,-7.636],[2.86,-9.896],[4.384,-10.857],[5.261,-11.495],[6.17,-12.214],[7.214,-10.699],[6.329,-10.253],[5.508,-9.745],[5.251,-9.569],[6.292,-7.866],[7.386,-6.2],[7.741,-6.426],[8.1,-6.673],[8.41,-6.887],[8.724,-7.121]],"c":true},"ix":2},"nm":"Path 5","mn":"ADBE Vector Shape - Group","hd":false},{"ind":1,"ty":"sh","ix":2,"ks":{"a":0,"k":{"i":[[0,0],[0.234,-0.155],[0.229,-0.157],[0.327,-0.241],[0.34,-0.268],[0.528,0.818],[0.563,0.817],[0.55,0.758],[0.587,0.749],[-0.058,0.04],[-0.07,0.047],[-0.089,0.061],[-0.16,0.121],[-0.158,0.129],[-0.456,-0.716],[-0.485,-0.718],[-0.486,-0.711],[-0.441,-0.669],[-0.323,0.262],[-0.343,0.32]],"o":[[-0.252,0.161],[-0.234,0.154],[-0.343,0.237],[-0.326,0.24],[-0.524,-0.846],[-0.527,-0.82],[-0.538,-0.782],[-0.552,-0.758],[0.047,-0.025],[0.052,-0.029],[0.07,-0.049],[0.14,-0.097],[0.16,-0.12],[0.379,0.672],[0.457,0.715],[0.486,0.719],[0.488,0.711],[0.354,-0.256],[0.322,-0.261],[0,0]],"v":[[8.859,-0.054],[8.13,0.419],[7.437,0.886],[6.433,1.602],[5.433,2.364],[3.855,-0.13],[2.219,-2.585],[0.586,-4.895],[-1.121,-7.155],[-0.965,-7.252],[-0.782,-7.367],[-0.544,-7.531],[-0.094,-7.857],[0.383,-8.229],[1.636,-6.147],[3.049,-3.997],[4.506,-1.852],[5.898,0.217],[6.913,-0.56],[7.911,-1.431]],"c":true},"ix":2},"nm":"Path 4","mn":"ADBE Vector Shape - Group","hd":false},{"ind":2,"ty":"sh","ix":3,"ks":{"a":0,"k":{"i":[[-0.306,-0.443],[-0.108,-0.311],[-0.012,-0.266],[0.062,-0.222],[0.103,-0.174],[0.119,-0.123],[0.1,-0.069],[0.097,-0.057],[0.133,-0.06],[0.17,-0.055],[0.21,-0.035],[0,0],[-0.256,0.065],[-0.141,0.096],[-0.003,0.293],[0.217,0.316],[0.283,0.19],[0.473,0.122],[0.35,0.096],[0.337,0.15],[0.307,0.229],[0.239,0.346],[0.099,0.404],[-0.056,0.351],[-0.189,0.283],[-0.286,0.197],[-0.309,0.112],[-0.36,0.04],[0,0],[0.183,0],[0.147,-0.036],[0.107,-0.055],[0.067,-0.046],[0.065,-0.137],[0.003,-0.161],[-0.057,-0.177],[-0.112,-0.162],[-0.247,-0.128],[-0.299,-0.085],[-0.33,-0.079],[-0.343,-0.148],[-0.339,-0.261]],"o":[[0.239,0.348],[0.107,0.312],[0.012,0.267],[-0.063,0.221],[-0.104,0.174],[-0.118,0.125],[-0.053,0.037],[-0.096,0.056],[-0.134,0.061],[-0.172,0.057],[0,0],[0.41,0.041],[0.256,-0.066],[0.272,-0.189],[0.002,-0.293],[-0.146,-0.21],[-0.283,-0.19],[-0.325,-0.086],[-0.351,-0.095],[-0.337,-0.151],[-0.306,-0.23],[-0.302,-0.44],[-0.101,-0.403],[0.058,-0.349],[0.192,-0.283],[0.25,-0.172],[0.308,-0.112],[0,0],[-0.213,-0.066],[-0.186,0.001],[-0.147,0.036],[-0.108,0.054],[-0.128,0.088],[-0.063,0.138],[-0.001,0.16],[0.058,0.179],[0.173,0.251],[0.247,0.129],[0.298,0.086],[0.331,0.081],[0.343,0.151],[0.339,0.262]],"v":[[-1.681,3.745],[-1.161,4.732],[-0.982,5.6],[-1.056,6.332],[-1.304,6.925],[-1.637,7.372],[-1.966,7.663],[-2.191,7.803],[-2.536,7.977],[-2.994,8.151],[-3.567,8.289],[-4.638,6.578],[-3.638,6.54],[-3.044,6.296],[-2.631,5.575],[-2.954,4.661],[-3.598,4.059],[-4.732,3.591],[-5.745,3.317],[-6.777,2.949],[-7.742,2.38],[-8.561,1.516],[-9.164,0.25],[-9.23,-0.882],[-8.859,-1.831],[-8.144,-2.551],[-7.306,-2.978],[-6.303,-3.206],[-5.285,-1.46],[-5.881,-1.559],[-6.378,-1.503],[-6.76,-1.366],[-7.021,-1.216],[-7.308,-0.878],[-7.409,-0.43],[-7.326,0.077],[-7.072,0.587],[-6.443,1.154],[-5.624,1.475],[-4.681,1.724],[-3.671,2.068],[-2.649,2.686]],"c":true},"ix":2},"nm":"Path 3","mn":"ADBE Vector Shape - Group","hd":false},{"ind":3,"ty":"sh","ix":4,"ks":{"a":0,"k":{"i":[[0.663,0.748],[-0.476,-0.86],[-0.497,-0.862],[-0.097,0.067],[-0.101,0.069],[0,0],[0.645,0.741]],"o":[[0.468,0.869],[0.475,0.856],[0.099,-0.055],[0.097,-0.066],[0,0],[-0.638,-0.764],[-0.647,-0.741]],"v":[[-2.786,-3.52],[-1.372,-0.927],[0.085,1.654],[0.377,1.471],[0.674,1.267],[1.103,0.972],[-0.822,-1.287]],"c":true},"ix":2},"nm":"Path 1","mn":"ADBE Vector Shape - Group","hd":false},{"ind":4,"ty":"sh","ix":5,"ks":{"a":0,"k":{"i":[[0,0],[0.231,0.293],[0.241,0.294],[0.188,-0.111],[0.185,-0.127],[0,0],[-0.194,-0.318],[-0.196,-0.313],[0,0],[0.855,1.711],[0.937,1.693],[0,0],[-1.303,-1.388],[-1.397,-1.35]],"o":[[-0.231,-0.288],[-0.232,-0.295],[-0.202,0.121],[-0.191,0.11],[0,0],[0.196,0.332],[0.194,0.321],[0,0],[-0.807,-1.756],[-0.854,-1.712],[0,0],[1.247,1.454],[1.301,1.387],[0,0]],"v":[[3.376,3.78],[2.682,2.907],[1.973,2.025],[1.386,2.371],[0.824,2.728],[0.739,2.787],[1.324,3.763],[1.909,4.712],[0.243,5.82],[-2.25,0.619],[-4.939,-4.487],[-2.933,-5.82],[0.891,-1.558],[4.938,2.548]],"c":true},"ix":2},"nm":"Path 2","mn":"ADBE Vector Shape - Group","hd":false},{"ty":"fl","c":{"a":0,"k":[1,1,1,1],"ix":4},"o":{"a":0,"k":100,"ix":5},"r":1,"bm":0,"nm":"Fill 1","mn":"ADBE Vector Graphic - Fill","hd":false},{"ty":"tr","p":{"a":0,"k":[416.266,84.763],"ix":2},"a":{"a":0,"k":[0,0],"ix":1},"s":{"a":0,"k":[100,100],"ix":3},"r":{"a":0,"k":0,"ix":6},"o":{"a":0,"k":100,"ix":7},"sk":{"a":0,"k":0,"ix":4},"sa":{"a":0,"k":0,"ix":5},"nm":"Transform"}],"nm":"Group 17","np":6,"cix":2,"bm":0,"ix":2,"mn":"ADBE Vector Group","hd":false},{"ty":"gr","it":[{"ty":"gr","it":[{"ind":0,"ty":"sh","ix":1,"ks":{"a":0,"k":{"i":[[0,0],[0,0],[0,0],[0,0]],"o":[[0,0],[13.245,-10.302],[0,0],[-16.974,8.074]],"v":[[-24.691,4.702],[-12.195,19.827],[24.691,-0.165],[10.19,-19.827]],"c":true},"ix":2},"nm":"Path 2","mn":"ADBE Vector Shape - Group","hd":false},{"ty":"tr","p":{"a":0,"k":[0,0],"ix":2},"a":{"a":0,"k":[0,0],"ix":1},"s":{"a":0,"k":[100,100],"ix":3},"r":{"a":0,"k":0,"ix":6},"o":{"a":0,"k":100,"ix":7},"sk":{"a":0,"k":0,"ix":4},"sa":{"a":0,"k":0,"ix":5},"nm":"Transform"}],"nm":"Group 1","np":1,"cix":2,"bm":0,"ix":1,"mn":"ADBE Vector Group","hd":false},{"ty":"gf","o":{"a":0,"k":100,"ix":10},"r":1,"bm":0,"g":{"p":3,"k":{"a":0,"k":[0,0.925,0.475,1,0.5,0.755,0.398,1,1,0.584,0.322,1],"ix":9}},"s":{"a":0,"k":[-7.569,-8.333],"ix":5},"e":{"a":0,"k":[17.153,-12.014],"ix":6},"t":2,"h":{"a":0,"k":0,"ix":7},"a":{"a":0,"k":0,"ix":8},"nm":"Gradient Fill 1","mn":"ADBE Vector Graphic - G-Fill","hd":false},{"ty":"tr","p":{"a":0,"k":[418.958,82.991],"ix":2},"a":{"a":0,"k":[0,0],"ix":1},"s":{"a":0,"k":[100,100],"ix":3},"r":{"a":0,"k":0,"ix":6},"o":{"a":0,"k":100,"ix":7},"sk":{"a":0,"k":0,"ix":4},"sa":{"a":0,"k":0,"ix":5},"nm":"Transform"}],"nm":"Group 19","np":2,"cix":2,"bm":0,"ix":3,"mn":"ADBE Vector Group","hd":false},{"ty":"gr","it":[{"ty":"gr","it":[{"ind":0,"ty":"sh","ix":1,"ks":{"a":0,"k":{"i":[[0,0],[0,0],[0,0],[0,0],[0,0]],"o":[[0,0],[0,0],[14.26,-11.522],[0,0],[0,0]],"v":[[-24.691,-7.851],[-24.005,-1.183],[-12.543,12.717],[22.423,-8.057],[24.691,-12.717]],"c":true},"ix":2},"nm":"Path 2","mn":"ADBE Vector Shape - Group","hd":false},{"ty":"tr","p":{"a":0,"k":[0,0],"ix":2},"a":{"a":0,"k":[0,0],"ix":1},"s":{"a":0,"k":[100,100],"ix":3},"r":{"a":0,"k":0,"ix":6},"o":{"a":0,"k":100,"ix":7},"sk":{"a":0,"k":0,"ix":4},"sa":{"a":0,"k":0,"ix":5},"nm":"Transform"}],"nm":"Group 1","np":1,"cix":2,"bm":0,"ix":1,"mn":"ADBE Vector Group","hd":false},{"ty":"fl","c":{"a":0,"k":[0.435294151306,0.247058838606,0.68235296011,1],"ix":4},"o":{"a":0,"k":100,"ix":5},"r":1,"bm":0,"nm":"Fill 1","mn":"ADBE Vector Graphic - Fill","hd":false},{"ty":"tr","p":{"a":0,"k":[418.958,95.544],"ix":2},"a":{"a":0,"k":[0,0],"ix":1},"s":{"a":0,"k":[100,100],"ix":3},"r":{"a":0,"k":0,"ix":6},"o":{"a":0,"k":100,"ix":7},"sk":{"a":0,"k":0,"ix":4},"sa":{"a":0,"k":0,"ix":5},"nm":"Transform"}],"nm":"Group 20","np":2,"cix":2,"bm":0,"ix":4,"mn":"ADBE Vector Group","hd":false},{"ty":"tr","p":{"a":1,"k":[{"i":{"x":0,"y":1},"o":{"x":0.167,"y":0.167},"t":6,"s":[350.062,166.908],"to":[11.833,-14.333],"ti":[-10.5,13.333]},{"t":157,"s":[421.062,80.908]}],"ix":2},"a":{"a":0,"k":[413.062,86.908],"ix":1},"s":{"a":1,"k":[{"i":{"x":[0,0],"y":[1,1]},"o":{"x":[0.167,0.167],"y":[0.167,0.167]},"t":6,"s":[23,23]},{"t":157,"s":[100,100]}],"ix":3},"r":{"a":1,"k":[{"i":{"x":[0],"y":[1]},"o":{"x":[0.167],"y":[0.167]},"t":6,"s":[-45]},{"t":157,"s":[10]}],"ix":6},"o":{"a":1,"k":[{"i":{"x":[0.667],"y":[1]},"o":{"x":[0.333],"y":[0]},"t":149,"s":[100]},{"t":163,"s":[0]}],"ix":7},"sk":{"a":0,"k":0,"ix":4},"sa":{"a":0,"k":0,"ix":5},"nm":"Transform"}],"nm":"sale","np":4,"cix":2,"bm":0,"ix":6,"mn":"ADBE Vector Group","hd":false},{"ty":"gr","it":[{"ty":"gr","it":[{"ty":"gr","it":[{"ind":0,"ty":"sh","ix":1,"ks":{"a":0,"k":{"i":[[0,0],[0,0],[0,0]],"o":[[0,0],[0,0],[0,0]],"v":[[4.088,10.134],[8.98,-4.456],[-9.327,-10.446]],"c":true},"ix":2},"nm":"Path 2","mn":"ADBE Vector Shape - Group","hd":false},{"ty":"tr","p":{"a":0,"k":[0,0],"ix":2},"a":{"a":0,"k":[0,0],"ix":1},"s":{"a":0,"k":[100,100],"ix":3},"r":{"a":0,"k":0,"ix":6},"o":{"a":0,"k":100,"ix":7},"sk":{"a":0,"k":0,"ix":4},"sa":{"a":0,"k":0,"ix":5},"nm":"Transform"}],"nm":"Group 1","np":1,"cix":2,"bm":0,"ix":1,"mn":"ADBE Vector Group","hd":false},{"ty":"fl","c":{"a":0,"k":[0.854902029037,0.807843208313,1,1],"ix":4},"o":{"a":0,"k":100,"ix":5},"r":1,"bm":0,"nm":"Fill 1","mn":"ADBE Vector Graphic - Fill","hd":false},{"ty":"tr","p":{"a":0,"k":[390.565,114.4],"ix":2},"a":{"a":0,"k":[0,0],"ix":1},"s":{"a":0,"k":[100,100],"ix":3},"r":{"a":0,"k":0,"ix":6},"o":{"a":0,"k":100,"ix":7},"sk":{"a":0,"k":0,"ix":4},"sa":{"a":0,"k":0,"ix":5},"nm":"Transform"}],"nm":"Group 28","np":2,"cix":2,"bm":0,"ix":1,"mn":"ADBE Vector Group","hd":false},{"ty":"gr","it":[{"ty":"gr","it":[{"ind":0,"ty":"sh","ix":1,"ks":{"a":0,"k":{"i":[[0,0],[0,0],[2.752,0.628],[0.058,0]],"o":[[0,0],[0,0],[-0.045,-0.011],[-3.468,0.002]],"v":[[-19.63,2.519],[19.63,15.705],[9.867,-15.689],[9.713,-15.705]],"c":true},"ix":2},"nm":"Path 2","mn":"ADBE Vector Shape - Group","hd":false},{"ty":"tr","p":{"a":0,"k":[0,0],"ix":2},"a":{"a":0,"k":[0,0],"ix":1},"s":{"a":0,"k":[100,100],"ix":3},"r":{"a":0,"k":0,"ix":6},"o":{"a":0,"k":100,"ix":7},"sk":{"a":0,"k":0,"ix":4},"sa":{"a":0,"k":0,"ix":5},"nm":"Transform"}],"nm":"Group 1","np":1,"cix":2,"bm":0,"ix":1,"mn":"ADBE Vector Group","hd":false},{"ty":"gf","o":{"a":0,"k":100,"ix":10},"r":1,"bm":0,"g":{"p":3,"k":{"a":0,"k":[0,0.404,0.196,0.627,0.5,0.275,0.173,0.563,1,0.145,0.149,0.498],"ix":9}},"s":{"a":0,"k":[8.542,-13.611],"ix":5},"e":{"a":0,"k":[2.292,5.347],"ix":6},"t":1,"nm":"Gradient Fill 1","mn":"ADBE Vector Graphic - G-Fill","hd":false},{"ty":"tr","p":{"a":0,"k":[350.129,146.436],"ix":2},"a":{"a":0,"k":[0,0],"ix":1},"s":{"a":0,"k":[100,100],"ix":3},"r":{"a":0,"k":0,"ix":6},"o":{"a":0,"k":100,"ix":7},"sk":{"a":0,"k":0,"ix":4},"sa":{"a":0,"k":0,"ix":5},"nm":"Transform"}],"nm":"Group 29","np":2,"cix":2,"bm":0,"ix":2,"mn":"ADBE Vector Group","hd":false},{"ty":"gr","it":[{"ind":0,"ty":"sh","ix":1,"ks":{"a":0,"k":{"i":[[1.067,-3.09],[3.09,1.067],[-1.068,3.09],[-3.09,-1.068]],"o":[[-1.067,3.09],[-3.09,-1.067],[1.067,-3.09],[3.09,1.067]],"v":[[5.595,1.933],[-1.932,5.595],[-5.594,-1.932],[1.933,-5.594]],"c":true},"ix":2},"nm":"Path 1","mn":"ADBE Vector Shape - Group","hd":false},{"ty":"fl","c":{"a":0,"k":[1,1,1,1],"ix":4},"o":{"a":0,"k":100,"ix":5},"r":1,"bm":0,"nm":"Fill 1","mn":"ADBE Vector Graphic - Fill","hd":false},{"ty":"tr","p":{"a":0,"k":[372.756,123.187],"ix":2},"a":{"a":0,"k":[0,0],"ix":1},"s":{"a":0,"k":[100,100],"ix":3},"r":{"a":0,"k":0,"ix":6},"o":{"a":0,"k":100,"ix":7},"sk":{"a":0,"k":0,"ix":4},"sa":{"a":0,"k":0,"ix":5},"nm":"Transform"}],"nm":"Group 30","np":2,"cix":2,"bm":0,"ix":3,"mn":"ADBE Vector Group","hd":false},{"ty":"gr","it":[{"ty":"gr","it":[{"ind":0,"ty":"sh","ix":1,"ks":{"a":0,"k":{"i":[[-1.016,-2.546],[0,0],[2.206,0.737],[0,0],[-0.692,2.215],[0,0],[-5.834,4.041],[0,0],[-1.121,-0.201],[-1.438,-4.019],[0,0],[0,0],[-1.99,1.491],[0,0],[-1.428,-0.364],[-2.643,-6.177],[0,0]],"o":[[0,0],[-0.76,2.198],[0,0],[-2.202,-0.727],[0,0],[0,0],[0,0],[4.81,-3.351],[0.853,0.157],[0,0],[2.723,7.612],[0,0],[0,0],[3.499,-2.628],[1.086,0.278],[0,0],[1.606,3.746]],"v":[[29.796,16.061],[28.121,20.907],[22.762,23.55],[-26.884,7.061],[-29.6,1.751],[-26.199,-9.009],[-14.376,-17.612],[-14.375,-17.62],[-3.742,-23.761],[-0.07,-16.46],[-0.069,-16.442],[5.586,1.972],[9.051,-0.718],[9.061,-0.731],[19.055,-6.549],[25.635,5.976],[25.642,5.977]],"c":true},"ix":2},"nm":"Path 4","mn":"ADBE Vector Shape - Group","hd":false},{"ty":"tr","p":{"a":0,"k":[0,0],"ix":2},"a":{"a":0,"k":[0,0],"ix":1},"s":{"a":0,"k":[100,100],"ix":3},"r":{"a":0,"k":0,"ix":6},"o":{"a":0,"k":100,"ix":7},"sk":{"a":0,"k":0,"ix":4},"sa":{"a":0,"k":0,"ix":5},"nm":"Transform"}],"nm":"Group 1","np":1,"cix":2,"bm":0,"ix":1,"mn":"ADBE Vector Group","hd":false},{"ty":"gf","o":{"a":0,"k":50,"ix":10},"r":1,"bm":0,"g":{"p":3,"k":{"a":0,"k":[0,0.404,0.196,0.627,0.5,0.275,0.173,0.563,1,0.145,0.149,0.498],"ix":9}},"s":{"a":0,"k":[8.542,-13.611],"ix":5},"e":{"a":0,"k":[2.292,5.347],"ix":6},"t":1,"nm":"Gradient Fill 1","mn":"ADBE Vector Graphic - G-Fill","hd":false},{"ty":"tr","p":{"a":0,"k":[353.512,140.71],"ix":2},"a":{"a":0,"k":[0,0],"ix":1},"s":{"a":0,"k":[100,100],"ix":3},"r":{"a":0,"k":0,"ix":6},"o":{"a":0,"k":100,"ix":7},"sk":{"a":0,"k":0,"ix":4},"sa":{"a":0,"k":0,"ix":5},"nm":"Transform"}],"nm":"Group 31","np":2,"cix":2,"bm":0,"ix":4,"mn":"ADBE Vector Group","hd":false},{"ty":"gr","it":[{"ty":"gr","it":[{"ind":0,"ty":"sh","ix":1,"ks":{"a":0,"k":{"i":[[0.577,-1.819],[0,0],[0,0],[-2.202,-0.727],[0,0],[-0.759,2.199],[0,0],[2.214,0.765],[0,0],[0.461,0]],"o":[[0,0],[0,0],[-0.692,2.215],[0,0],[2.206,0.737],[0,0],[0.766,-2.22],[0,0],[-0.46,-0.159],[-1.798,0]],"v":[[-21.825,-33.844],[-33.63,3.518],[-37.032,14.278],[-34.316,19.588],[15.332,36.077],[20.689,33.434],[36.959,-13.658],[34.331,-19.06],[-16.385,-36.58],[-17.774,-36.814]],"c":true},"ix":2},"nm":"Path 2","mn":"ADBE Vector Shape - Group","hd":false},{"ty":"tr","p":{"a":0,"k":[0,0],"ix":2},"a":{"a":0,"k":[0,0],"ix":1},"s":{"a":0,"k":[100,100],"ix":3},"r":{"a":0,"k":0,"ix":6},"o":{"a":0,"k":100,"ix":7},"sk":{"a":0,"k":0,"ix":4},"sa":{"a":0,"k":0,"ix":5},"nm":"Transform"}],"nm":"Group 1","np":1,"cix":2,"bm":0,"ix":1,"mn":"ADBE Vector Group","hd":false},{"ty":"gf","o":{"a":0,"k":100,"ix":10},"r":1,"bm":0,"g":{"p":3,"k":{"a":0,"k":[0,0.224,0.584,0.969,0.5,0.294,0.475,0.906,1,0.365,0.365,0.843],"ix":9}},"s":{"a":0,"k":[-1.458,-29.722],"ix":5},"e":{"a":0,"k":[-18.819,15.069],"ix":6},"t":1,"nm":"Gradient Fill 1","mn":"ADBE Vector Graphic - G-Fill","hd":false},{"ty":"tr","p":{"a":0,"k":[360.943,128.183],"ix":2},"a":{"a":0,"k":[0,0],"ix":1},"s":{"a":0,"k":[100,100],"ix":3},"r":{"a":0,"k":0,"ix":6},"o":{"a":0,"k":100,"ix":7},"sk":{"a":0,"k":0,"ix":4},"sa":{"a":0,"k":0,"ix":5},"nm":"Transform"}],"nm":"Group 32","np":2,"cix":2,"bm":0,"ix":5,"mn":"ADBE Vector Group","hd":false},{"ty":"gr","it":[{"ty":"gr","it":[{"ind":0,"ty":"sh","ix":1,"ks":{"a":0,"k":{"i":[[0.877,-2.776],[0,0],[-3.369,-1.12],[0,0],[-1.161,3.363],[0,0],[3.391,1.171],[0,0],[0.703,0]],"o":[[0,0],[-1.069,3.386],[0,0],[3.376,1.121],[0,0],[1.172,-3.39],[0,0],[-0.703,-0.243],[-2.753,0]],"v":[[-25.322,-36.985],[-41.61,14.563],[-37.463,22.686],[15.895,40.405],[24.081,36.361],[41.507,-14.08],[37.49,-22.34],[-17.008,-41.167],[-19.129,-41.525]],"c":true},"ix":2},"nm":"Path 2","mn":"ADBE Vector Shape - Group","hd":false},{"ty":"tr","p":{"a":0,"k":[0,0],"ix":2},"a":{"a":0,"k":[0,0],"ix":1},"s":{"a":0,"k":[100,100],"ix":3},"r":{"a":0,"k":0,"ix":6},"o":{"a":0,"k":100,"ix":7},"sk":{"a":0,"k":0,"ix":4},"sa":{"a":0,"k":0,"ix":5},"nm":"Transform"}],"nm":"Group 1","np":1,"cix":2,"bm":0,"ix":1,"mn":"ADBE Vector Group","hd":false},{"ty":"fl","c":{"a":0,"k":[0.854902029037,0.807843208313,1,1],"ix":4},"o":{"a":0,"k":100,"ix":5},"r":1,"bm":0,"nm":"Fill 1","mn":"ADBE Vector Graphic - Fill","hd":false},{"ty":"tr","p":{"a":0,"k":[361.015,128.294],"ix":2},"a":{"a":0,"k":[0,0],"ix":1},"s":{"a":0,"k":[100,100],"ix":3},"r":{"a":0,"k":0,"ix":6},"o":{"a":0,"k":100,"ix":7},"sk":{"a":0,"k":0,"ix":4},"sa":{"a":0,"k":0,"ix":5},"nm":"Transform"}],"nm":"Group 33","np":2,"cix":2,"bm":0,"ix":6,"mn":"ADBE Vector Group","hd":false},{"ty":"tr","p":{"a":1,"k":[{"i":{"x":0,"y":1},"o":{"x":0.167,"y":0.167},"t":6,"s":[346.727,167.42],"to":[3.167,-7.167],"ti":[-2,5.667]},{"t":157,"s":[365.727,124.42]}],"ix":2},"a":{"a":0,"k":[358.727,133.42],"ix":1},"s":{"a":1,"k":[{"i":{"x":[0,0],"y":[1,1]},"o":{"x":[0.167,0.167],"y":[0.167,0.167]},"t":6,"s":[14,14]},{"t":157,"s":[100,100]}],"ix":3},"r":{"a":1,"k":[{"i":{"x":[0.017],"y":[1]},"o":{"x":[0.167],"y":[0.167]},"t":6,"s":[-48.314]},{"t":165,"s":[9]}],"ix":6},"o":{"a":1,"k":[{"i":{"x":[0.667],"y":[1]},"o":{"x":[0.333],"y":[0]},"t":149,"s":[100]},{"t":163,"s":[0]}],"ix":7},"sk":{"a":0,"k":0,"ix":4},"sa":{"a":0,"k":0,"ix":5},"nm":"Transform"}],"nm":"pic 2","np":6,"cix":2,"bm":0,"ix":7,"mn":"ADBE Vector Group","hd":false},{"ty":"gr","it":[{"ind":0,"ty":"sh","ix":1,"ks":{"a":0,"k":{"i":[[-3.652,19.678],[0,0],[0,0]],"o":[[0,0],[0,0],[0,0]],"v":[[-7.902,-18.301],[8.497,18.611],[3.892,15.563]],"c":true},"ix":2},"nm":"Path 1","mn":"ADBE Vector Shape - Group","hd":false},{"ty":"fl","c":{"a":0,"k":[0.466666638851,0.748777389526,1,1],"ix":4},"o":{"a":0,"k":25,"ix":5},"r":1,"bm":0,"nm":"Fill 2","mn":"ADBE Vector Graphic - Fill","hd":false},{"ty":"gr","it":[{"ind":0,"ty":"sh","ix":1,"ks":{"a":0,"k":{"i":[[0,0],[-0.63,0.319],[0,0],[0,0]],"o":[[0,0],[0.845,-0.429],[-1.728,-30.287],[-3.019,24.911]],"v":[[4.473,17.01],[9.04,19.654],[11.87,15.574],[-8.851,-19.973]],"c":true},"ix":2},"nm":"Path 2","mn":"ADBE Vector Shape - Group","hd":false},{"ty":"gf","o":{"a":0,"k":100,"ix":10},"r":1,"bm":0,"g":{"p":3,"k":{"a":0,"k":[0,0.259,0.525,0.945,0.5,0.337,0.396,0.894,1,0.416,0.267,0.843],"ix":9}},"s":{"a":0,"k":[-3.403,-13.194],"ix":5},"e":{"a":0,"k":[5.486,8.819],"ix":6},"t":1,"nm":"Gradient Fill 1","mn":"ADBE Vector Graphic - G-Fill","hd":false},{"ty":"tr","p":{"a":0,"k":[0,0],"ix":2},"a":{"a":0,"k":[0,0],"ix":1},"s":{"a":0,"k":[100,100],"ix":3},"r":{"a":0,"k":0,"ix":6},"o":{"a":0,"k":100,"ix":7},"sk":{"a":0,"k":0,"ix":4},"sa":{"a":0,"k":0,"ix":5},"nm":"Transform"}],"nm":"Group 1","np":2,"cix":2,"bm":0,"ix":3,"mn":"ADBE Vector Group","hd":false},{"ty":"tr","p":{"a":1,"k":[{"i":{"x":0,"y":1},"o":{"x":0.167,"y":0.167},"t":6,"s":[331.943,167.318],"to":[0,-8.833],"ti":[0,8.833]},{"t":157,"s":[331.943,114.318]}],"ix":2},"a":{"a":0,"k":[8.25,14.793],"ix":1},"s":{"a":1,"k":[{"i":{"x":[0,0],"y":[1,1]},"o":{"x":[0.167,0.167],"y":[0.167,0.167]},"t":6,"s":[36,36]},{"t":157,"s":[100,100]}],"ix":3},"r":{"a":1,"k":[{"i":{"x":[0.73],"y":[1]},"o":{"x":[0.167],"y":[0.167]},"t":-94,"s":[86]},{"i":{"x":[0.73],"y":[1]},"o":{"x":[0.27],"y":[0]},"t":43,"s":[0]},{"i":{"x":[0.73],"y":[1]},"o":{"x":[0.27],"y":[0]},"t":93,"s":[6]},{"t":156,"s":[-7]}],"ix":6},"o":{"a":1,"k":[{"i":{"x":[0.667],"y":[1]},"o":{"x":[0.333],"y":[0]},"t":149,"s":[100]},{"t":163,"s":[0]}],"ix":7},"sk":{"a":0,"k":0,"ix":4},"sa":{"a":0,"k":0,"ix":5},"nm":"Transform"}],"nm":"leaf","np":3,"cix":2,"bm":0,"ix":8,"mn":"ADBE Vector Group","hd":false},{"ty":"gr","it":[{"ty":"gr","it":[{"ty":"gr","it":[{"ind":0,"ty":"sh","ix":1,"ks":{"a":0,"k":{"i":[[0,0],[0,0],[0,0]],"o":[[0,0],[0,0],[0,0]],"v":[[4.088,10.134],[8.98,-4.456],[-9.327,-10.446]],"c":true},"ix":2},"nm":"Path 2","mn":"ADBE Vector Shape - Group","hd":false},{"ty":"tr","p":{"a":0,"k":[0,0],"ix":2},"a":{"a":0,"k":[0,0],"ix":1},"s":{"a":0,"k":[100,100],"ix":3},"r":{"a":0,"k":0,"ix":6},"o":{"a":0,"k":100,"ix":7},"sk":{"a":0,"k":0,"ix":4},"sa":{"a":0,"k":0,"ix":5},"nm":"Transform"}],"nm":"Group 1","np":1,"cix":2,"bm":0,"ix":1,"mn":"ADBE Vector Group","hd":false},{"ty":"fl","c":{"a":0,"k":[0.854902029037,0.807843208313,1,1],"ix":4},"o":{"a":0,"k":100,"ix":5},"r":1,"bm":0,"nm":"Fill 1","mn":"ADBE Vector Graphic - Fill","hd":false},{"ty":"tr","p":{"a":0,"k":[390.565,114.4],"ix":2},"a":{"a":0,"k":[0,0],"ix":1},"s":{"a":0,"k":[100,100],"ix":3},"r":{"a":0,"k":0,"ix":6},"o":{"a":0,"k":100,"ix":7},"sk":{"a":0,"k":0,"ix":4},"sa":{"a":0,"k":0,"ix":5},"nm":"Transform"}],"nm":"Group 28","np":2,"cix":2,"bm":0,"ix":1,"mn":"ADBE Vector Group","hd":false},{"ty":"gr","it":[{"ty":"gr","it":[{"ind":0,"ty":"sh","ix":1,"ks":{"a":0,"k":{"i":[[0,0],[0,0],[2.752,0.628],[0.058,0]],"o":[[0,0],[0,0],[-0.045,-0.011],[-3.468,0.002]],"v":[[-19.63,2.519],[19.63,15.705],[9.867,-15.689],[9.713,-15.705]],"c":true},"ix":2},"nm":"Path 2","mn":"ADBE Vector Shape - Group","hd":false},{"ty":"tr","p":{"a":0,"k":[0,0],"ix":2},"a":{"a":0,"k":[0,0],"ix":1},"s":{"a":0,"k":[100,100],"ix":3},"r":{"a":0,"k":0,"ix":6},"o":{"a":0,"k":100,"ix":7},"sk":{"a":0,"k":0,"ix":4},"sa":{"a":0,"k":0,"ix":5},"nm":"Transform"}],"nm":"Group 1","np":1,"cix":2,"bm":0,"ix":1,"mn":"ADBE Vector Group","hd":false},{"ty":"gf","o":{"a":0,"k":100,"ix":10},"r":1,"bm":0,"g":{"p":3,"k":{"a":0,"k":[0,0.596,0.333,1,0.5,0.655,0.431,1,1,0.713,0.529,1],"ix":9}},"s":{"a":0,"k":[8.542,-13.611],"ix":5},"e":{"a":0,"k":[2.292,5.347],"ix":6},"t":1,"nm":"Gradient Fill 1","mn":"ADBE Vector Graphic - G-Fill","hd":false},{"ty":"tr","p":{"a":0,"k":[350.129,146.436],"ix":2},"a":{"a":0,"k":[0,0],"ix":1},"s":{"a":0,"k":[100,100],"ix":3},"r":{"a":0,"k":0,"ix":6},"o":{"a":0,"k":100,"ix":7},"sk":{"a":0,"k":0,"ix":4},"sa":{"a":0,"k":0,"ix":5},"nm":"Transform"}],"nm":"Group 29","np":2,"cix":2,"bm":0,"ix":2,"mn":"ADBE Vector Group","hd":false},{"ty":"gr","it":[{"ind":0,"ty":"sh","ix":1,"ks":{"a":0,"k":{"i":[[1.067,-3.09],[3.09,1.067],[-1.068,3.09],[-3.09,-1.068]],"o":[[-1.067,3.09],[-3.09,-1.067],[1.067,-3.09],[3.09,1.067]],"v":[[5.595,1.933],[-1.932,5.595],[-5.594,-1.932],[1.933,-5.594]],"c":true},"ix":2},"nm":"Path 1","mn":"ADBE Vector Shape - Group","hd":false},{"ty":"fl","c":{"a":0,"k":[1,1,1,1],"ix":4},"o":{"a":0,"k":100,"ix":5},"r":1,"bm":0,"nm":"Fill 1","mn":"ADBE Vector Graphic - Fill","hd":false},{"ty":"tr","p":{"a":0,"k":[372.756,123.187],"ix":2},"a":{"a":0,"k":[0,0],"ix":1},"s":{"a":0,"k":[100,100],"ix":3},"r":{"a":0,"k":0,"ix":6},"o":{"a":0,"k":100,"ix":7},"sk":{"a":0,"k":0,"ix":4},"sa":{"a":0,"k":0,"ix":5},"nm":"Transform"}],"nm":"Group 30","np":2,"cix":2,"bm":0,"ix":3,"mn":"ADBE Vector Group","hd":false},{"ty":"gr","it":[{"ty":"gr","it":[{"ind":0,"ty":"sh","ix":1,"ks":{"a":0,"k":{"i":[[-1.016,-2.546],[0,0],[2.206,0.737],[0,0],[-0.692,2.215],[0,0],[-5.834,4.041],[0,0],[-1.121,-0.201],[-1.438,-4.019],[0,0],[0,0],[-1.99,1.491],[0,0],[-1.428,-0.364],[-2.643,-6.177],[0,0]],"o":[[0,0],[-0.76,2.198],[0,0],[-2.202,-0.727],[0,0],[0,0],[0,0],[4.81,-3.351],[0.853,0.157],[0,0],[2.723,7.612],[0,0],[0,0],[3.499,-2.628],[1.086,0.278],[0,0],[1.606,3.746]],"v":[[29.796,16.061],[28.121,20.907],[22.762,23.55],[-26.884,7.061],[-29.6,1.751],[-26.199,-9.009],[-14.376,-17.612],[-14.375,-17.62],[-3.742,-23.761],[-0.07,-16.46],[-0.069,-16.442],[5.586,1.972],[9.051,-0.718],[9.061,-0.731],[19.055,-6.549],[25.635,5.976],[25.642,5.977]],"c":true},"ix":2},"nm":"Path 4","mn":"ADBE Vector Shape - Group","hd":false},{"ty":"tr","p":{"a":0,"k":[0,0],"ix":2},"a":{"a":0,"k":[0,0],"ix":1},"s":{"a":0,"k":[100,100],"ix":3},"r":{"a":0,"k":0,"ix":6},"o":{"a":0,"k":100,"ix":7},"sk":{"a":0,"k":0,"ix":4},"sa":{"a":0,"k":0,"ix":5},"nm":"Transform"}],"nm":"Group 1","np":1,"cix":2,"bm":0,"ix":1,"mn":"ADBE Vector Group","hd":false},{"ty":"gf","o":{"a":0,"k":50,"ix":10},"r":1,"bm":0,"g":{"p":3,"k":{"a":0,"k":[0,0.592,0.329,1,0.5,0.706,0.508,1,1,0.82,0.686,1],"ix":9}},"s":{"a":0,"k":[8.542,-13.611],"ix":5},"e":{"a":0,"k":[2.292,5.347],"ix":6},"t":1,"nm":"Gradient Fill 1","mn":"ADBE Vector Graphic - G-Fill","hd":false},{"ty":"tr","p":{"a":0,"k":[353.512,140.71],"ix":2},"a":{"a":0,"k":[0,0],"ix":1},"s":{"a":0,"k":[100,100],"ix":3},"r":{"a":0,"k":0,"ix":6},"o":{"a":0,"k":100,"ix":7},"sk":{"a":0,"k":0,"ix":4},"sa":{"a":0,"k":0,"ix":5},"nm":"Transform"}],"nm":"Group 31","np":2,"cix":2,"bm":0,"ix":4,"mn":"ADBE Vector Group","hd":false},{"ty":"gr","it":[{"ty":"gr","it":[{"ind":0,"ty":"sh","ix":1,"ks":{"a":0,"k":{"i":[[0.577,-1.819],[0,0],[0,0],[-2.202,-0.727],[0,0],[-0.759,2.199],[0,0],[2.214,0.765],[0,0],[0.461,0]],"o":[[0,0],[0,0],[-0.692,2.215],[0,0],[2.206,0.737],[0,0],[0.766,-2.22],[0,0],[-0.46,-0.159],[-1.798,0]],"v":[[-21.825,-33.844],[-33.63,3.518],[-37.032,14.278],[-34.316,19.588],[15.332,36.077],[20.689,33.434],[36.959,-13.658],[34.331,-19.06],[-16.385,-36.58],[-17.774,-36.814]],"c":true},"ix":2},"nm":"Path 2","mn":"ADBE Vector Shape - Group","hd":false},{"ty":"tr","p":{"a":0,"k":[0,0],"ix":2},"a":{"a":0,"k":[0,0],"ix":1},"s":{"a":0,"k":[100,100],"ix":3},"r":{"a":0,"k":0,"ix":6},"o":{"a":0,"k":100,"ix":7},"sk":{"a":0,"k":0,"ix":4},"sa":{"a":0,"k":0,"ix":5},"nm":"Transform"}],"nm":"Group 1","np":1,"cix":2,"bm":0,"ix":1,"mn":"ADBE Vector Group","hd":false},{"ty":"gf","o":{"a":0,"k":100,"ix":10},"r":1,"bm":0,"g":{"p":3,"k":{"a":0,"k":[0,0.988,0.984,1,0.5,0.925,0.89,1,1,0.863,0.796,1],"ix":9}},"s":{"a":0,"k":[-1.458,-29.722],"ix":5},"e":{"a":0,"k":[-14.579,10.702],"ix":6},"t":1,"nm":"Gradient Fill 1","mn":"ADBE Vector Graphic - G-Fill","hd":false},{"ty":"tr","p":{"a":0,"k":[360.943,128.183],"ix":2},"a":{"a":0,"k":[0,0],"ix":1},"s":{"a":0,"k":[100,100],"ix":3},"r":{"a":0,"k":0,"ix":6},"o":{"a":0,"k":100,"ix":7},"sk":{"a":0,"k":0,"ix":4},"sa":{"a":0,"k":0,"ix":5},"nm":"Transform"}],"nm":"Group 32","np":2,"cix":2,"bm":0,"ix":5,"mn":"ADBE Vector Group","hd":false},{"ty":"gr","it":[{"ty":"gr","it":[{"ind":0,"ty":"sh","ix":1,"ks":{"a":0,"k":{"i":[[0.877,-2.776],[0,0],[-3.369,-1.12],[0,0],[-1.161,3.363],[0,0],[3.391,1.171],[0,0],[0.703,0]],"o":[[0,0],[-1.069,3.386],[0,0],[3.376,1.121],[0,0],[1.172,-3.39],[0,0],[-0.703,-0.243],[-2.753,0]],"v":[[-25.322,-36.985],[-41.61,14.563],[-37.463,22.686],[15.895,40.405],[24.081,36.361],[41.507,-14.08],[37.49,-22.34],[-17.008,-41.167],[-19.129,-41.525]],"c":true},"ix":2},"nm":"Path 2","mn":"ADBE Vector Shape - Group","hd":false},{"ty":"tr","p":{"a":0,"k":[0,0],"ix":2},"a":{"a":0,"k":[0,0],"ix":1},"s":{"a":0,"k":[100,100],"ix":3},"r":{"a":0,"k":0,"ix":6},"o":{"a":0,"k":100,"ix":7},"sk":{"a":0,"k":0,"ix":4},"sa":{"a":0,"k":0,"ix":5},"nm":"Transform"}],"nm":"Group 1","np":1,"cix":2,"bm":0,"ix":1,"mn":"ADBE Vector Group","hd":false},{"ty":"fl","c":{"a":0,"k":[0.854902029037,0.807843208313,1,1],"ix":4},"o":{"a":0,"k":100,"ix":5},"r":1,"bm":0,"nm":"Fill 1","mn":"ADBE Vector Graphic - Fill","hd":false},{"ty":"tr","p":{"a":0,"k":[361.015,128.294],"ix":2},"a":{"a":0,"k":[0,0],"ix":1},"s":{"a":0,"k":[100,100],"ix":3},"r":{"a":0,"k":0,"ix":6},"o":{"a":0,"k":100,"ix":7},"sk":{"a":0,"k":0,"ix":4},"sa":{"a":0,"k":0,"ix":5},"nm":"Transform"}],"nm":"Group 33","np":2,"cix":2,"bm":0,"ix":6,"mn":"ADBE Vector Group","hd":false},{"ty":"tr","p":{"a":1,"k":[{"i":{"x":0,"y":1},"o":{"x":0.167,"y":0.167},"t":6,"s":[348.768,172.869],"to":[1.5,-15.333],"ti":[0,12.167]},{"t":157,"s":[357.768,80.869]}],"ix":2},"a":{"a":0,"k":[349.881,147.663],"ix":1},"s":{"a":1,"k":[{"i":{"x":[0,0],"y":[1,1]},"o":{"x":[0.167,0.167],"y":[0.167,0.167]},"t":6,"s":[19,19]},{"t":157,"s":[87,87]}],"ix":3},"r":{"a":1,"k":[{"i":{"x":[0.116],"y":[1]},"o":{"x":[0.173],"y":[0.139]},"t":6,"s":[31.25]},{"t":166,"s":[-22.216]}],"ix":6},"o":{"a":1,"k":[{"i":{"x":[0.667],"y":[1]},"o":{"x":[0.333],"y":[0]},"t":149,"s":[100]},{"t":163,"s":[0]}],"ix":7},"sk":{"a":0,"k":0,"ix":4},"sa":{"a":0,"k":0,"ix":5},"nm":"Transform"}],"nm":"pic 3","np":6,"cix":2,"bm":0,"ix":9,"mn":"ADBE Vector Group","hd":false},{"ty":"gr","it":[{"ind":0,"ty":"sh","ix":1,"ks":{"a":0,"k":{"i":[[-3.422,13.767],[0,0],[0,0]],"o":[[0,0],[0,0],[0,0]],"v":[[9.887,-7.073],[-9.886,6.588],[-7.439,6.619]],"c":true},"ix":2},"nm":"Path 1","mn":"ADBE Vector Shape - Group","hd":false},{"ty":"fl","c":{"a":0,"k":[0.461176455021,0.739968240261,0.988235294819,1],"ix":4},"o":{"a":0,"k":25,"ix":5},"r":1,"bm":0,"nm":"Fill 2","mn":"ADBE Vector Graphic - Fill","hd":false},{"ty":"gr","it":[{"ind":0,"ty":"sh","ix":1,"ks":{"a":0,"k":{"i":[[0,0],[0,0],[0,0],[0.341,0]],"o":[[0,0],[16.416,-0.002],[-0.353,-0.014],[-15.131,0.001]],"v":[[-9.887,6.587],[-8.042,7.094],[9.887,-7.073],[8.848,-7.094]],"c":true},"ix":2},"nm":"Path 2","mn":"ADBE Vector Shape - Group","hd":false},{"ty":"gf","o":{"a":0,"k":100,"ix":10},"r":1,"bm":0,"g":{"p":3,"k":{"a":0,"k":[0,0.259,0.525,0.945,0.5,0.337,0.396,0.894,1,0.416,0.267,0.843],"ix":9}},"s":{"a":0,"k":[3.056,-4.306],"ix":5},"e":{"a":0,"k":[18.194,-4.236],"ix":6},"t":2,"h":{"a":0,"k":0,"ix":7},"a":{"a":0,"k":0,"ix":8},"nm":"Gradient Fill 1","mn":"ADBE Vector Graphic - G-Fill","hd":false},{"ty":"tr","p":{"a":0,"k":[0,0],"ix":2},"a":{"a":0,"k":[0,0],"ix":1},"s":{"a":0,"k":[100,100],"ix":3},"r":{"a":0,"k":0,"ix":6},"o":{"a":0,"k":100,"ix":7},"sk":{"a":0,"k":0,"ix":4},"sa":{"a":0,"k":0,"ix":5},"nm":"Transform"}],"nm":"Group 1","np":2,"cix":2,"bm":0,"ix":3,"mn":"ADBE Vector Group","hd":false},{"ty":"tr","p":{"a":1,"k":[{"i":{"x":0,"y":1},"o":{"x":0.167,"y":0.167},"t":6,"s":[346.729,167.448],"to":[12.167,-22.333],"ti":[-12.167,22.333]},{"t":157,"s":[419.729,33.448]}],"ix":2},"a":{"a":0,"k":[-7.586,4.294],"ix":1},"s":{"a":1,"k":[{"i":{"x":[0,0],"y":[1,1]},"o":{"x":[0.167,0.167],"y":[0.167,0.167]},"t":6,"s":[43,43]},{"t":157,"s":[100,100]}],"ix":3},"r":{"a":1,"k":[{"i":{"x":[0.703],"y":[0.894]},"o":{"x":[0.443],"y":[0.162]},"t":2,"s":[-15.46]},{"i":{"x":[0.674],"y":[6.176]},"o":{"x":[0.371],"y":[-1.136]},"t":30,"s":[4.583]},{"i":{"x":[0.323],"y":[-0.052]},"o":{"x":[0.238],"y":[-9.772]},"t":85,"s":[0]},{"t":166,"s":[-2.618]}],"ix":6},"o":{"a":1,"k":[{"i":{"x":[0.667],"y":[1]},"o":{"x":[0.333],"y":[0]},"t":149,"s":[100]},{"t":163,"s":[0]}],"ix":7},"sk":{"a":0,"k":0,"ix":4},"sa":{"a":0,"k":0,"ix":5},"nm":"Transform"}],"nm":"leaf 02","np":3,"cix":2,"bm":0,"ix":10,"mn":"ADBE Vector Group","hd":false},{"ty":"gr","it":[{"ty":"gr","it":[{"ind":0,"ty":"sh","ix":1,"ks":{"a":1,"k":[{"i":{"x":0.667,"y":1},"o":{"x":0.167,"y":0.167},"t":16,"s":[{"i":[[0.337,0.059],[0,0],[0,0],[0,0],[15.276,5.123],[0.674,0.229]],"o":[[0,0],[0,0],[0,0],[0,0],[-0.491,-0.165],[-18.873,-6.402]],"v":[[-48.137,-11.991],[-21.37,30.252],[3.046,38.685],[48.136,22.588],[2.154,0.191],[0.251,-0.64]],"c":true}]},{"i":{"x":0.667,"y":1},"o":{"x":0.167,"y":0},"t":30,"s":[{"i":[[0.337,0.059],[0,0],[0,0],[0,0],[8.471,2.927],[0.712,0]],"o":[[0,0],[0,0],[0,0],[0,0],[-0.49,-0.169],[-13.058,-0.001]],"v":[[-48.137,-11.991],[-21.37,30.252],[3.046,38.685],[48.136,22.588],[16.418,-38.434],[14.607,-38.684]],"c":true}]},{"i":{"x":0.833,"y":0.833},"o":{"x":0.333,"y":0},"t":157,"s":[{"i":[[0.337,0.059],[0,0],[0,0],[0,0],[8.471,2.927],[0.712,0]],"o":[[0,0],[0,0],[0,0],[0,0],[-0.49,-0.169],[-13.058,-0.001]],"v":[[-48.137,-11.991],[-21.37,30.252],[3.046,38.685],[48.136,22.588],[16.418,-38.434],[14.607,-38.684]],"c":true}]},{"t":167,"s":[{"i":[[0.337,0.059],[0,0],[0,0],[0,0],[15.276,5.123],[0.674,0.229]],"o":[[0,0],[0,0],[0,0],[0,0],[-0.491,-0.165],[-18.873,-6.402]],"v":[[-48.137,-11.991],[-21.37,30.252],[3.046,38.685],[48.136,22.588],[2.154,0.191],[0.251,-0.64]],"c":true}]}],"ix":2},"nm":"Path 2","mn":"ADBE Vector Shape - Group","hd":false},{"ty":"gf","o":{"a":0,"k":100,"ix":10},"r":1,"bm":0,"g":{"p":3,"k":{"a":0,"k":[0,0.996,0.067,0.494,0.5,0.871,0.086,0.525,1,0.745,0.106,0.557],"ix":9}},"s":{"a":0,"k":[-12.32,37.967],"ix":5},"e":{"a":0,"k":[7.569,-1.875],"ix":6},"t":1,"nm":"Gradient Fill 1","mn":"ADBE Vector Graphic - G-Fill","hd":false},{"ty":"tr","p":{"a":0,"k":[0,0],"ix":2},"a":{"a":0,"k":[0,0],"ix":1},"s":{"a":0,"k":[100,100],"ix":3},"r":{"a":0,"k":0,"ix":6},"o":{"a":0,"k":100,"ix":7},"sk":{"a":0,"k":0,"ix":4},"sa":{"a":0,"k":0,"ix":5},"nm":"Transform"}],"nm":"Group 1","np":2,"cix":2,"bm":0,"ix":1,"mn":"ADBE Vector Group","hd":false},{"ty":"tr","p":{"a":0,"k":[346.786,155.03],"ix":2},"a":{"a":0,"k":[-12.602,33.225],"ix":1},"s":{"a":0,"k":[100,100],"ix":3},"r":{"a":0,"k":0,"ix":6},"o":{"a":0,"k":100,"ix":7},"sk":{"a":0,"k":0,"ix":4},"sa":{"a":0,"k":0,"ix":5},"nm":"Transform"}],"nm":"email","np":1,"cix":2,"bm":0,"ix":11,"mn":"ADBE Vector Group","hd":false}],"ip":0,"op":600,"st":0,"bm":0},{"ddd":0,"ind":2,"ty":4,"nm":"Shape Layer 1","sr":1,"ks":{"o":{"a":0,"k":100,"ix":11},"r":{"a":0,"k":0,"ix":10},"p":{"a":0,"k":[500,500,0],"ix":2},"a":{"a":0,"k":[0,0,0],"ix":1},"s":{"a":0,"k":[100,100,100],"ix":6}},"ao":0,"shapes":[{"ty":"gr","it":[{"d":1,"ty":"el","s":{"a":0,"k":[627,526],"ix":2},"p":{"a":0,"k":[0,0],"ix":3},"nm":"Ellipse Path 1","mn":"ADBE Vector Shape - Ellipse","hd":false},{"ty":"fl","c":{"a":0,"k":[0.180392146111,0.431095659733,1,1],"ix":4},"o":{"a":0,"k":10,"ix":5},"r":1,"bm":0,"nm":"Fill 1","mn":"ADBE Vector Graphic - Fill","hd":false},{"ty":"tr","p":{"a":0,"k":[38,-2],"ix":2},"a":{"a":0,"k":[0,0],"ix":1},"s":{"a":0,"k":[100,100],"ix":3},"r":{"a":1,"k":[{"i":{"x":[0.833],"y":[0.833]},"o":{"x":[0.167],"y":[0.167]},"t":0,"s":[360]},{"t":180,"s":[180]}],"ix":6},"o":{"a":0,"k":100,"ix":7},"sk":{"a":0,"k":0,"ix":4},"sa":{"a":0,"k":0,"ix":5},"nm":"Transform"}],"nm":"Ellipse 2","np":2,"cix":2,"bm":0,"ix":1,"mn":"ADBE Vector Group","hd":false},{"ty":"gr","it":[{"d":1,"ty":"el","s":{"a":0,"k":[556,631],"ix":2},"p":{"a":0,"k":[0,73],"ix":3},"nm":"Ellipse Path 1","mn":"ADBE Vector Shape - Ellipse","hd":false},{"ty":"fl","c":{"a":0,"k":[0.016839675605,0.551747024059,0.858823537827,1],"ix":4},"o":{"a":0,"k":10,"ix":5},"r":1,"bm":0,"nm":"Fill 1","mn":"ADBE Vector Graphic - Fill","hd":false},{"ty":"tr","p":{"a":0,"k":[-8,-52],"ix":2},"a":{"a":1,"k":[{"i":{"x":0.833,"y":0.833},"o":{"x":0.167,"y":0.167},"t":0,"s":[0,0],"to":[0,23.833],"ti":[0,-23.833]},{"t":180,"s":[0,143]}],"ix":1},"s":{"a":0,"k":[100,100],"ix":3},"r":{"a":1,"k":[{"i":{"x":[0.833],"y":[0.833]},"o":{"x":[0.167],"y":[0.167]},"t":0,"s":[360]},{"t":180,"s":[180]}],"ix":6},"o":{"a":0,"k":100,"ix":7},"sk":{"a":0,"k":0,"ix":4},"sa":{"a":0,"k":0,"ix":5},"nm":"Transform"}],"nm":"Ellipse 1","np":2,"cix":2,"bm":0,"ix":2,"mn":"ADBE Vector Group","hd":false}],"ip":0,"op":600,"st":0,"bm":0}],"markers":[]}